Model,Reference,Protocol,Brand,LensMount,ManufacturerURL,Remark,Type,Cable,SupportURL,Message,MaxDelayToComplete,ControlCoverage,Bidirectionnal,Selected,Number,Lens,Network,Base,CameraLensCategory,lensControl,lensType,lensMotor,LensTypes
TMX74,Adimec,Not still documented,Adimec,Unknown,https://www.adimec.com/cameras/global-security/tmx-cmos-cameras/tmx74/,,TBD,Undefined,https://support.cyanview.com/docs/Integrations,,,,,False,0,Fixed,LAN Wired,Fixed,TBD,No Need,Manual,No extra motors,
GEN3G-200,AidaGen3G200,Not still documented,Aida,No-Xchange-Manual,https://aidaimaging.com/gen3g-200/,,TBD,Undefined,https://support.cyanview.com/docs/Integrations,,,,,False,0,Fixed,LAN Wired,Fixed,TBD,No Need,Manual,No extra motors,
HD NDI 200,AidaHdNdi200,Not still documented,Aida,No-Xchange-Manual,https://aidaimaging.com/hd-ndi-200/,,TBD,Undefined,https://support.cyanview.com/docs/Integrations,,,,,False,0,Fixed,LAN Wired,Fixed,TBD,No Need,Manual,No extra motors,
PTZ X12,AidaPtzX12,Not still documented,Aida,No-Xchange-Motorized,https://aidaimaging.com/hd-ndi-200/,,TBD,Undefined,https://support.cyanview.com/docs/Integrations,,,,,False,0,Fixed,LAN Wired,Fixed,TBD,No Need,Manual,No extra motors,
UHD6G-200,AidaUHD6G200,Not still documented,Aida,No-Xchange-Manual,https://aidaimaging.com/uhd6g-200/,,TBD,Undefined,https://support.cyanview.com/docs/Integrations,,,,,False,0,Fixed,LAN Wired,Fixed,TBD,No Need,Manual,No extra motors,
ROVOCAM,Rovocam,Aja Serial,Aja,B4-Mount,https://www.aja.com/products/rovocam/spec-sheet.pdf,,BBlock,CY-CBL-6P-AJA-01,https://support.cyanview.com/docs/Integrations/AJA/RovoCam,,1000.0,2.0,,False,0,Fixed,LAN Wired,Fixed,Broadcast,No Need,B4-Mount,No extra motors,
ARC360,Arc360,Not still documented,ARC,B4-Mount,https://www.agileremotecameras.com/products/arc360-ptz-camera/,,TBD,Undefined,https://support.cyanview.com/docs/Integrations,,,,,False,0,Fixed,LAN Wired,Fixed,TBD,No Need,Manual,No extra motors,
ALEXA 35,Alexa 35,Arri CAP,ARRI,LPL-Mount,https://www.arri.com/en/camera-systems/cameras/alexa-35,,CineStyle,Ethernet-RJ45,https://support.cyanview.com/docs/Integrations/ARRI/ARRICAP,,500.0,2.0,,False,0,Fixed,LAN Wired,Fixed,Cine Interchangeable,No Need,TBD,TBD,
ALEXA MINI,Alexa mini,Arri CAP,ARRI,LPL-Mount,https://www.arri.com/en/camera-systems/cameras/legacy-camera-systems/alexa-mini,,CineStyle,Ethernet-RJ45,https://support.cyanview.com/docs/Integrations/ARRI/ARRICAP,,500.0,2.0,,False,0,Fixed,LAN Wired,Fixed,Cine Interchangeable,No Need,TBD,TBD,
ALEXA MINI LF,Alexa mini LF,Arri CAP,ARRI,LPL-Mount,https://www.arri.com/en/camera-systems/cameras/alexa-mini-lf,,CineStyle,Ethernet-RJ45,https://support.cyanview.com/docs/Integrations/ARRI/ARRICAP,,500.0,2.0,,False,0,Fixed,LAN Wired,Fixed,Cine Interchangeable,No Need,TBD,TBD,
AMIRA,Amira,Arri SSCP,ARRI,LPL-Mount,https://www.arri.com/en/camera-systems/cameras/amira,,CineStyle,Ethernet-RJ45,https://support.cyanview.com/docs/Integrations/ARRI/ARRISSCP,,500.0,2.0,,False,0,Fixed,LAN Wired,Fixed,Cine Interchangeable,No Need,TBD,TBD,
AC4829,Astro4829,Not still documented,AstroDesign,PL-Mount,https://www.astrodesign.co.jp/english/product/ab-4830_ac-4829,,TBD,Undefined,https://support.cyanview.com/docs/Integrations,,,,,False,0,Fixed,LAN Wired,Fixed,TBD,No Need,Manual,No extra motors,
DRIVER'S EYE,BellDriversEye,Not still documented,Bell,Unknown,https://bellracing.eu/,,TBD,Undefined,https://support.cyanview.com/docs/Integrations,,,,,False,0,Fixed,LAN Wired,Fixed,TBD,No Need,Manual,No extra motors,
P100,BirdDogP100,Birdog PTZ,BirdDog,No-Xchange-Motorized,https://birddog.tv/p100-overview/,,PTZ,Ethernet-RJ45,https://support.cyanview.com/docs/Integrations/Birddog/BirddogPTZ,,500.0,2.0,,False,0,Fixed,LAN Wired,Fixed,IZF Integrated,IZF,Camera Integrated,No extra motors,
P200,BirdDogP200,Birdog PTZ,BirdDog,No-Xchange-Motorized,https://birddog.tv/p200-overview/,,PTZ,Ethernet-RJ45,https://support.cyanview.com/docs/Integrations/Birddog/BirddogPTZ,,500.0,2.0,,False,0,Fixed,LAN Wired,Fixed,IZF Integrated,IZF,Camera Integrated,No extra motors,
P400,BirdDogP400,Birdog PTZ,BirdDog,No-Xchange-Motorized,https://birddog.tv/p400-overview/,,PTZ,Ethernet-RJ45,https://support.cyanview.com/docs/Integrations/Birddog/BirddogPTZ,,500.0,2.0,,False,0,Fixed,LAN Wired,Fixed,IZF Integrated,IZF,Camera Integrated,No extra motors,
P4K,BirdDogP4K,Birdog PTZ,BirdDog,No-Xchange-Motorized,https://birddog.tv/p4k-overview/,,PTZ,Ethernet-RJ45,https://support.cyanview.com/docs/Integrations/Birddog/BirddogPTZ,,500.0,2.0,,False,0,Fixed,LAN Wired,Fixed,IZF Integrated,IZF,Camera Integrated,No extra motors,
MINI STUDIO,Mini Studio,BlackMagic SDI,BlackMagic,MFT-Mount,https://www.blackmagicdesign.com/fr/products/blackmagicmicrostudiocamera,,CineStyle,BM-SDI,https://support.cyanview.com/docs/Integrations/Blackmagic/CameraSDI,,500.0,2.0,No,False,0,Fixed,LAN Wired,Fixed,Cine Interchangeable,No Need,TBD,TBD,
MINI STUDIO G2,Mini Studio G2,BlackMagic IP,BlackMagic,MFT-Mount,https://www.blackmagicdesign.com/fr/products/blackmagicmicrostudiocamera,,CineStyle,IP-to-USB-C,https://support.cyanview.com/docs/Integrations/Blackmagic/CameraIP,,500.0,5.0,,False,0,Fixed,LAN Wired,Fixed,Cine Interchangeable,No Need,TBD,TBD,
URSA,URSA,BlackMagic SDI,BlackMagic,B4-Mount,https://www.blackmagicdesign.com/products/blackmagicursabroadcast,,CineStyle,BM-SDI,https://support.cyanview.com/docs/Integrations/Blackmagic/CameraSDI,,500.0,2.0,No,False,0,Fixed,LAN Wired,Fixed,Cine Interchangeable,No Need,TBD,TBD,
URSA G2,URSA G2,BlackMagic IP,BlackMagic,B4-Mount,https://www.blackmagicdesign.com/products/blackmagicursabroadcast,,CineStyle,IP-to-USB-C,https://support.cyanview.com/docs/Integrations/Blackmagic/CameraIP,,500.0,5.0,,False,0,Fixed,LAN Wired,Fixed,Cine Interchangeable,No Need,TBD,TBD,
CAMBALL,Camball,Not still documented,Bradley,Unknown,,,TBD,Undefined,https://support.cyanview.com/docs/Integrations,,,,,False,0,Fixed,LAN Wired,Fixed,TBD,No Need,Manual,No extra motors,
CAMBALL/IP,CamballIp,Not still documented,Bradley,Unknown,,,TBD,Undefined,https://support.cyanview.com/docs/Integrations,,,,,False,0,Fixed,LAN Wired,Fixed,TBD,No Need,Manual,No extra motors,
MEERKAT,Meerkat,Not still documented,CameraCorps,Unknown,,,TBD,Undefined,https://support.cyanview.com/docs/Integrations,,,,,False,0,Fixed,LAN Wired,Fixed,TBD,No Need,Manual,No extra motors,
QBALL,CCQBall,Not still documented,CameraCorps,Unknown,https://cameracorps.co.uk/product/qx/,,TBD,Undefined,https://support.cyanview.com/docs/Integrations,,,,,False,0,Fixed,LAN Wired,Fixed,TBD,No Need,Manual,No extra motors,
QX,CCQx,Not still documented,CameraCorps,Unknown,https://cameracorps.co.uk/product/qx-com-cam-system/,,TBD,Undefined,https://support.cyanview.com/docs/Integrations,,,,,False,0,Fixed,LAN Wired,Fixed,TBD,No Need,Manual,No extra motors,
QX MINIZOOM,CCQxMinizoom,Not still documented,CameraCorps,Unknown,https://cameracorps.co.uk/product/hd-mini-zoom/,,TBD,Undefined,https://support.cyanview.com/docs/Integrations,,,,,False,0,Fixed,LAN Wired,Fixed,TBD,No Need,Manual,No extra motors,
C100,EOS C100,Canon RemoteA,Canon,EF-Mount,https://mcu.usa.canon.com/internet/portal/us/home/products/details/cameras/cinema-eos/eos-c100-mark-ii,,CineStyle,CY-CBL-6P-LANC-1,https://support.cyanview.com/docs/Integrations/Canon/CanonRemoteA,,500.0,2.0,,False,0,Fixed,LAN Wired,Fixed,Cine Interchangeable,No Need,TBD,TBD,
C200,C200,Canon RemoteA,Canon,EF-Mount,,,CineStyle,CY-CBL-6P-LANC-1,https://support.cyanview.com/docs/Integrations/Canon/CanonRemoteA,,500.0,2.0,,False,0,Fixed,LAN Wired,Fixed,Cine Interchangeable,No Need,TBD,TBD,
C300MK1,C300mk1,Canon RemoteA,Canon,EF-Mount,,,CineStyle,CY-CBL-6P-LANC-1,https://support.cyanview.com/docs/Integrations/Canon/CanonRemoteA,,500.0,2.0,,False,0,Fixed,LAN Wired,Fixed,Cine Interchangeable,No Need,TBD,TBD,
C300MK2,C300mk2,Canon RemoteA,Canon,EF-Mount,,,CineStyle,CY-CBL-6P-LANC-1,https://support.cyanview.com/docs/Integrations/Canon/CanonRemoteA,,500.0,2.0,,False,0,Fixed,LAN Wired,Fixed,Cine Interchangeable,No Need,TBD,TBD,
C300MK3,C300mk3,Canon XC,Canon,EF-Mount,,,CineStyle,Ethernet-RJ45,https://support.cyanview.com/docs/Integrations/Canon/CanonXC,,500.0,4.0,,False,0,Fixed,LAN Wired,Fixed,Cine Interchangeable,No Need,TBD,TBD,
C500MK1,C500mk1,Canon RemoteA,Canon,EF-Mount,,,CineStyle,CY-CBL-6P-LANC-1,https://support.cyanview.com/docs/Integrations/Canon/CanonRemoteA,,500.0,2.0,,False,0,Fixed,LAN Wired,Fixed,Cine Interchangeable,No Need,TBD,TBD,
C500MK2,C500mk2,Canon XC,Canon,EF-Mount,,,CineStyle,Ethernet-RJ45,https://support.cyanview.com/docs/Integrations/Canon/CanonXC,,500.0,4.0,,False,0,Fixed,LAN Wired,Fixed,Cine Interchangeable,No Need,TBD,TBD,
C70,C70,Canon XC,Canon,RF-Mount,,,CineStyle,Ethernet-RJ45,https://support.cyanview.com/docs/Integrations/Canon/CanonXC,,500.0,4.0,,False,0,Fixed,LAN Wired,Fixed,Cine Interchangeable,No Need,TBD,TBD,
C700,C700,Canon RemoteA,Canon,EF-Mount,,,CineStyle,CY-CBL-6P-LANC-1,https://support.cyanview.com/docs/Integrations/Canon/CanonRemoteA,,500.0,2.0,,False,0,Fixed,LAN Wired,Fixed,Cine Interchangeable,No Need,TBD,TBD,
XF605,CanonXF605,Canon XC,Canon,No-Xchange-Motorized,https://fr.canon.be/video-cameras/xf605/ ,,CineStyle,Ethernet-RJ45,https://support.cyanview.com/docs/Integrations/Canon/CanonXC,,500.0,4.0,,False,0,Fixed,LAN Wired,Fixed,Cine Interchangeable,No Need,TBD,TBD,
XF705,CanonXF705,Canon RemoteA,Canon,No-Xchange-Motorized,,,CineStyle,CY-CBL-6P-LANC-1,https://support.cyanview.com/docs/Integrations/Canon/CanonRemoteA,,500.0,2.0,,False,0,Fixed,LAN Wired,Fixed,Cine Interchangeable,No Need,TBD,TBD,
R5,CanonR5,Canon Mirrorless,Canon,EF-Mount,,,Mirrorless,USB-A-to-USB-C,https://support.cyanview.com/docs/Integrations/Canon/CanonMirrorless,,500.0,2.0,,False,0,Fixed,LAN Wired,Fixed,Cine Interchangeable,No Need,TBD,TBD,
CR-N300,CanonCRN300,Canon PTZ,Canon,No-Xchange-Motorized,https://www.canon.fr/ptz-cameras/cr-n300/,,PTZ,Ethernet-RJ45,https://support.cyanview.com/docs/Integrations/Canon/CanonPTZ,,500.0,5.0,,False,0,Fixed,LAN Wired,Fixed,IZF Integrated,IZF,Camera Integrated,No extra motors,
CR-N500,CanonCRN500,Canon PTZ,Canon,No-Xchange-Motorized,https://www.canon.fr/ptz-cameras/cr-n500/,,PTZ,Ethernet-RJ45,https://support.cyanview.com/docs/Integrations/Canon/CanonPTZ,,500.0,5.0,,False,0,Fixed,LAN Wired,Fixed,IZF Integrated,IZF,Camera Integrated,No extra motors,
CR-N700,CanonCRN700,Canon PTZ,Canon,No-Xchange-Motorized,https://www.canon.fr/ptz-cameras/cr-n700/,,PTZ,Ethernet-RJ45,https://support.cyanview.com/docs/Integrations/Canon/CanonPTZ,,500.0,5.0,,False,0,Fixed,LAN Wired,Fixed,IZF Integrated,IZF,Camera Integrated,No extra motors,
CR-X500,CanonCRX500,Canon PTZ,Canon,No-Xchange-Motorized,,,PTZ,Ethernet-RJ45,https://support.cyanview.com/docs/Integrations/Canon/CanonPTZ,,500.0,5.0,,False,0,Fixed,LAN Wired,Fixed,IZF Integrated,IZF,Camera Integrated,No extra motors,
VCC-HD1,CISHD1,CIS HR10A,CIS,S-Mount,,,Minicam,CY-CBL-6P-CIS-02,Planned to be documented  202407,,500.0,2.0,,False,0,Fixed,LAN Wired,Fixed,Fixed Lens,No Need,Manual,No extra motors,
VCC-HD10ZM,CISHD10ZM,CIS HR10A,CIS,S-Mount,,,Minicam,CY-CBL-6P-CIS-02,Planned to be documented  202407,,500.0,2.0,,False,0,Fixed,LAN Wired,Fixed,Fixed Lens,No Need,Manual,No extra motors,
VCC-HD1X,CIS,CIS HR10A,CIS,S-Mount,,,Minicam,CY-CBL-6P-CIS-02,Planned to be documented  202407,,500.0,2.0,,False,0,Fixed,LAN Wired,Fixed,Fixed Lens,No Need,Manual,No extra motors,
VCC-HD3,CISHD3,CIS HR10A,CIS,S-Mount,,,Minicam,CY-CBL-6P-CIS-02,Planned to be documented  202407,,500.0,2.0,,False,0,Fixed,LAN Wired,Fixed,Fixed Lens,No Need,Manual,No extra motors,
ATOMONE,AtomOne,DreamChip Serial,DreamChip,S-Mount,https://www.atom-one.de,,Minicam Motorizable,CY-CBL-6P-DCHIP-02,https://support.cyanview.com/docs/Integrations/Dreamchip/,,500.0,5.0,,False,0,Fixed,LAN Wired,Fixed,Minicam Motorizable Lens,No Need,Manual,No extra motors,
ATOMONE MINI,AtomOne mini,DreamChip Serial,DreamChip,S-Mount,https://www.atom-one.de,,Minicam Motorizable,CY-CBL-6P-DCHIP-02,https://support.cyanview.com/docs/Integrations/Dreamchip/,,500.0,5.0,,False,0,Fixed,LAN Wired,Fixed,Minicam Motorizable Lens,No Need,Manual,No extra motors,
ATOMONE MINI ZOOM,AtomOne mini Zoom,DreamChip Serial Motorized,DreamChip,No-Xchange-Motorized,https://www.atom-one.de,,Minicam IZT,CY-CBL-6P-DCHIP-02,https://support.cyanview.com/docs/Integrations/Dreamchip/,,500.0,5.0,,False,0,Fixed,LAN Wired,Fixed,IZF Integrated,IZF,Camera Integrated,No extra motors,
ATOMONE MINI AIR,AtomOne mini AIR,DreamChip Serial,DreamChip,S-Mount,https://www.atom-one.de,,Minicam Motorizable,CY-CBL-6P-DCHIP-02,https://support.cyanview.com/docs/Integrations/Dreamchip/,,500.0,5.0,,False,0,Fixed,LAN Wired,Fixed,Minicam Motorizable Lens,No Need,Manual,No extra motors,
ATOMONE MINI WATERPROOF,AtomOne mini Waterproof,DreamChip Serial,DreamChip,S-Mount,https://www.atom-one.de,,Minicam Motorizable,CY-CBL-6P-DCHIP-02,https://support.cyanview.com/docs/Integrations/Dreamchip/,,500.0,5.0,,False,0,Fixed,LAN Wired,Fixed,Minicam Motorizable Lens,No Need,Manual,No extra motors,
ATOMONE 4K MINI 7,AtomOne 4K Mini 7,DreamChip Serial,DreamChip,S-Mount,https://www.atom-one.de,,Minicam Motorizable,CY-CBL-6P-DCHIP-02,https://support.cyanview.com/docs/Integrations/Dreamchip/,,500.0,5.0,,False,0,Fixed,LAN Wired,Fixed,Minicam Motorizable Lens,No Need,Manual,No extra motors,
ATOMONE 4K MINI 11,AtomOne 4K Mini 11,DreamChip Serial,DreamChip,C-Mount,https://www.atom-one.de,,Minicam Motorizable,CY-CBL-6P-DCHIP-02,https://support.cyanview.com/docs/Integrations/Dreamchip/,,500.0,5.0,,False,0,Fixed,LAN Wired,Fixed,Minicam Motorizable Lens,No Need,Manual,No extra motors,
ATOMONE 4K MINI 16,AtomOne 4K Mini 16,DreamChip Serial,DreamChip,C-Mount,https://www.atom-one.de,,Minicam Motorizable,CY-CBL-6P-DCHIP-02,https://support.cyanview.com/docs/Integrations/Dreamchip/,,500.0,5.0,,False,0,Fixed,LAN Wired,Fixed,Minicam Motorizable Lens,No Need,Manual,No extra motors,
ATOMONE SSM500,AtomOne SSM500,Dreamchip SSM,DreamChip,B4-Mount,https://www.atom-one.de,,Slow Motion,CY-CBL-6P-DCHIP-03,https://support.cyanview.com/docs/Integrations/Dreamchip/ssm500,,500.0,5.0,,False,0,Fixed,LAN Wired,Fixed,Broadcast,No Need,B4-Mount,No extra motors,
ATOMONE SSM500 B4,AtomOne SSM500 B4,Dreamchip SSM,DreamChip,C-Mount,https://www.atom-one.de,,Slow Motion,CY-CBL-6P-DCHIP-03,https://support.cyanview.com/docs/Integrations/Dreamchip/ssm500,,500.0,5.0,,False,0,Fixed,LAN Wired,Fixed,Broadcast,No Need,B4-Mount,No extra motors,
ATOMONE SSM500-IP,AtomOne SSM500-IP,Dreamchip SSM IP,DreamChip,B4-Mount,https://www.atom-one.de,,Slow Motion,Ethernet-RJ45,Planned to be documented  202407,,500.0,5.0,,False,0,Fixed,LAN Wired,Fixed,Broadcast,No Need,B4-Mount,No extra motors,
ATOMONE SSM500-IP B4,AtomOne SSM500-IP B4,Dreamchip SSM IP,DreamChip,C-Mount,https://www.atom-one.de,,Slow Motion,Ethernet-RJ45,Planned to be documented  202407,,500.0,5.0,,False,0,Fixed,LAN Wired,Fixed,Broadcast,No Need,B4-Mount,No extra motors,
LDK SERIES,GrassValley,Not still documented,GrassValley,B4-Mount,,,TBD,Undefined,https://support.cyanview.com/docs/Integrations,,,,,False,0,Fixed,LAN Wired,Fixed,TBD,No Need,Manual,No extra motors,
MOJOPRO,MojoPro,Not still documented,Haivision,No-Xchange-Manual,https://www.haivision.com/products/mojopro-mobile-journalism/,,TBD,Undefined,https://support.cyanview.com/docs/Integrations,,,,,False,0,Fixed,LAN Wired,Fixed,TBD,No Need,Manual,No extra motors,
HITACHI SK-HD1000,Hitachi SK-HD1000,Hitachi SH HD 1xxx,Hitachi,B4-Mount,https://www.hitachikokusai.us/BroadcastandProfessionalCameras/SK-HD1000.html,,System,Ethernet-RJ45,Planned to be documented  202407,,500.0,2.0,,False,0,Fixed,LAN Wired,Fixed,Broadcast,No Need,B4-Mount,No extra motors,
HITACHI SK-HD1300,Hitachi SK-HD1300,Hitachi SH HD 1xxx,Hitachi,B4-Mount,https://www.hitachikokusai.us/BroadcastandProfessionalCameras/SK-HD1300.html,,System,Ethernet-RJ45,Planned to be documented  202407,,500.0,2.0,,False,0,Fixed,LAN Wired,Fixed,Broadcast,No Need,B4-Mount,No extra motors,
HITACHI SK-HD1500,Hitachi SK-HD1500,Hitachi SH HD 1xxx,Hitachi,B4-Mount,https://www.gravitymedia.com/product/hitachi-sk-hd1500-hd-slow-motion-production-camera/,,System,Ethernet-RJ45,Planned to be documented  202407,,500.0,2.0,,False,0,Fixed,LAN Wired,Fixed,Broadcast,No Need,B4-Mount,No extra motors,
DK SERIES,HitachiDKIP,Not still documented,Hitachi,B4-Mount,,,TBD,Undefined,https://support.cyanview.com/docs/Integrations,,,,,False,0,Fixed,LAN Wired,Fixed,TBD,No Need,Manual,No extra motors,
DK SERIES (SERIAL),HitachiDKSerial,Not still documented,Hitachi,B4-Mount,,,TBD,Undefined,https://support.cyanview.com/docs/Integrations,,,,,False,0,Fixed,LAN Wired,Fixed,TBD,No Need,Manual,No extra motors,
SK HD SERIES,HitachiSKHDIP,Not still documented,Hitachi,B4-Mount,,,TBD,Undefined,https://support.cyanview.com/docs/Integrations,,,,,False,0,Fixed,LAN Wired,Fixed,TBD,No Need,Manual,No extra motors,
SK HD SERIES (SERIAL),HitachiSKHDSerial,Not still documented,Hitachi,B4-Mount,,,TBD,Undefined,https://support.cyanview.com/docs/Integrations,,,,,False,0,Fixed,LAN Wired,Fixed,TBD,No Need,Manual,No extra motors,
SK UHD SERIES,HitachiSKUHDIP,Not still documented,Hitachi,B4-Mount,,,TBD,Undefined,https://support.cyanview.com/docs/Integrations,,,,,False,0,Fixed,LAN Wired,Fixed,TBD,No Need,Manual,No extra motors,
SK UHD SERIES (SERIAL),HitachiSKUHDSerial,Not still documented,Hitachi,B4-Mount,,,TBD,Undefined,https://support.cyanview.com/docs/Integrations,,,,,False,0,Fixed,LAN Wired,Fixed,TBD,No Need,Manual,No extra motors,
ICCP,Ikegami,Not still documented,Ikegami,B4-Mount,,,TBD,Undefined,https://support.cyanview.com/docs/Integrations,,,,,False,0,Fixed,LAN Wired,Fixed,TBD,No Need,Manual,No extra motors,
2KMINI,V2KMini,Not still documented,IOI,C-Mount,https://www.ioindustries.com/2ksdi-mini-features,,TBD,Undefined,https://support.cyanview.com/docs/Integrations,,,,,False,0,Fixed,LAN Wired,Fixed,TBD,No Need,Manual,No extra motors,
2KMINIRS,V2KMiniRS,Not still documented,IOI,C-Mount,https://www.ioindustries.com/2ksdi-mini-features,,TBD,Undefined,https://support.cyanview.com/docs/Integrations,,,,,False,0,Fixed,LAN Wired,Fixed,TBD,No Need,Manual,No extra motors,
4KMINI,V4KMini,Not still documented,IOI,C-Mount,https://www.ioindustries.com/4ksdi-mini-features,,TBD,Undefined,https://support.cyanview.com/docs/Integrations,,,,,False,0,Fixed,LAN Wired,Fixed,TBD,No Need,Manual,No extra motors,
4KMINIRS,V4KMiniRS,Not still documented,IOI,C-Mount,https://www.ioindustries.com/4ksdi-mini-features,,TBD,Undefined,https://support.cyanview.com/docs/Integrations,,,,,False,0,Fixed,LAN Wired,Fixed,TBD,No Need,Manual,No extra motors,
8KSDI,V8KSDI,Not still documented,IOI,C-Mount,https://www.ioindustries.com/8ksdi-features,,TBD,Undefined,https://support.cyanview.com/docs/Integrations,,,,,False,0,Fixed,LAN Wired,Fixed,TBD,No Need,Manual,No extra motors,
JVC GY-HM850,JVC,JVC IP,JVC,No-Xchange-Motorized,https://fr.jvc.com/pro/ccr/eng/GY-HM850RE/,,Handheld Camcorder,JVC USB-to-IP,https://support.cyanview.com/docs/Integrations/JVC/JVCCamcorder,,500.0,2.0,,False,0,Fixed,LAN Wired,Fixed,IZF Integrated,IZF,Camera Integrated,No extra motors,
VC-A SERIES,Lumens,Not still documented,Lumens,No-Xchange-Motorized,,,TBD,Undefined,https://support.cyanview.com/docs/Integrations,,,,,False,0,Fixed,LAN Wired,Fixed,TBD,No Need,Manual,No extra motors,
VC-A71,LumensVCA71PN,Not still documented,Lumens,No-Xchange-Motorized,,,TBD,Undefined,https://support.cyanview.com/docs/Integrations,,,,,False,0,Fixed,LAN Wired,Fixed,TBD,No Need,Manual,No extra motors,
VC-BC 601,LumensVCBC601P,Not still documented,Lumens,No-Xchange-Motorized,,,TBD,Undefined,https://support.cyanview.com/docs/Integrations,,,,,False,0,Fixed,LAN Wired,Fixed,TBD,No Need,Manual,No extra motors,
VC-BC 701,LumensVCBC701P,Not still documented,Lumens,No-Xchange-Motorized,,,TBD,Undefined,https://support.cyanview.com/docs/Integrations,,,,,False,0,Fixed,LAN Wired,Fixed,TBD,No Need,Manual,No extra motors,
CV225,MarshallCV225,Marshall Breakout,Marshall,MFT-Mount,https://marshall-usa.com/discontinued/cameras/CV225-MB.php,,Minicam,CY-CBL-6P-PFAN,https://support.cyanview.com/docs/Integrations/Marshall/MarshallMinicam,,500.0,1.0,No,False,0,Fixed,LAN Wired,Fixed,Fixed Lens,No Need,Manual,No extra motors,
CV226,MarshallCV226,Marshall Breakout,Marshall,MFT-Mount,https://marshall-usa.com/discontinued/cameras/CV226.php,,Minicam,CY-CBL-6P-PFAN,https://support.cyanview.com/docs/Integrations/Marshall/MarshallMinicam,,500.0,1.0,No,False,0,Fixed,LAN Wired,Fixed,Fixed Lens,No Need,Manual,No extra motors,
CV345,MarshallCV345,Marshall Hirose,Marshall,MFT-Mount,https://marshall-usa.com/discontinued/cameras/CV345.php,,Minicam,CY-CBL-6P-MARS-02,https://support.cyanview.com/docs/Integrations/Marshall/MarshallMinicam,,500.0,1.0,No,False,0,Fixed,LAN Wired,Fixed,Fixed Lens,No Need,Manual,No extra motors,
CV355-10X,MarshallCV35510X,Marshall Ethernet,Marshall,No-Xchange-Motorized,https://marshall-usa.com/cameras/CV355-10X-IP/,,Minicam,Ethernet-RJ45,https://support.cyanview.com/docs/Integrations/Marshall/MarshallMinicam,,500.0,1.0,,False,0,Fixed,LAN Wired,Fixed,Fixed Lens,No Need,Manual,No extra motors,
CV355-30X,MarshallCV35530X,Marshall Ethernet,Marshall,No-Xchange-Motorized,https://marshall-usa.com/cameras/CV355-10X-IP/,,Minicam,Ethernet-RJ45,https://support.cyanview.com/docs/Integrations/Marshall/MarshallMinicam,,500.0,1.0,,False,0,Fixed,LAN Wired,Fixed,Fixed Lens,No Need,Manual,No extra motors,
CV366,MarshallCV366,Marshall Hirose,Marshall,MFT-Mount,https://marshall-usa.com/cameras/CV366/,,Minicam,CY-CBL-6P-MARS-02,https://support.cyanview.com/docs/Integrations/Marshall/MarshallMinicam,,500.0,1.0,No,False,0,Fixed,LAN Wired,Fixed,Fixed Lens,No Need,Manual,No extra motors,
CV368,MarshallCV368,Marshall Hirose,Marshall,MFT-Mount,https://marshall-usa.com/cameras/CV368/,,Minicam,CY-CBL-6P-MARS-02,https://support.cyanview.com/docs/Integrations/Marshall/MarshallMinicam,,500.0,1.0,No,False,0,Fixed,LAN Wired,Fixed,Fixed Lens,No Need,Manual,No extra motors,
CV370,MarshallCV370,Marshall Ethernet,Marshall,MFT-Mount,https://marshall-usa.com/cameras/CV370/,,Minicam,Ethernet-RJ45,https://support.cyanview.com/docs/Integrations/Marshall/MarshallMinicam,,500.0,1.0,,False,0,Fixed,LAN Wired,Fixed,Fixed Lens,No Need,Manual,No extra motors,
CV374,MarshallCV374,Marshall Ethernet,Marshall,MFT-Mount,https://marshall-usa.com/cameras/CV374/,,Minicam,Ethernet-RJ45,https://support.cyanview.com/docs/Integrations/Marshall/MarshallMinicam,,500.0,1.0,,False,0,Fixed,LAN Wired,Fixed,Fixed Lens,No Need,Manual,No extra motors,
CV420,MarshallCV420,Marshall Ethernet,Marshall,MFT-Mount,https://marshall-usa.com/cameras/CV420-30X/,,Minicam,Ethernet-RJ45,https://support.cyanview.com/docs/Integrations/Marshall/MarshallMinicam,,500.0,1.0,,False,0,Fixed,LAN Wired,Fixed,Fixed Lens,No Need,Manual,No extra motors,
CV500,MarshallCV500,Marshall PushLock,Marshall,MFT-Mount,https://marshall-usa.com/discontinued/cameras/CV500-MB.php,,Minicam,CY-CBL-6P-FAN100,https://support.cyanview.com/docs/Integrations/Marshall/MarshallMinicam,,500.0,1.0,No,False,0,Fixed,LAN Wired,Fixed,Fixed Lens,No Need,Manual,No extra motors,
CV502,MarshallCV502,Marshall PushLock,Marshall,MFT-Mount,https://marshall-usa.com/discontinued/cameras/CV502-MB.php,,Minicam,CY-CBL-6P-FAN100,https://support.cyanview.com/docs/Integrations/Marshall/MarshallMinicam,,500.0,1.0,No,False,0,Fixed,LAN Wired,Fixed,Fixed Lens,No Need,Manual,No extra motors,
CV503,MarshallCV503,Marshall Hirose,Marshall,MFT-Mount,https://www.marcameurope.com/product/cv503/,,Minicam,CY-CBL-6P-MARS-02,https://support.cyanview.com/docs/Integrations/Marshall/MarshallMinicam,,500.0,1.0,No,False,0,Fixed,LAN Wired,Fixed,Fixed Lens,No Need,Manual,No extra motors,
CV504,MarshallCV504,Marshall Hirose,Marshall,MFT-Mount,https://marshall-usa.com/cameras/CV504/,,Minicam,CY-CBL-6P-MARS-02,https://support.cyanview.com/docs/Integrations/Marshall/MarshallMinicam,,500.0,1.0,No,False,0,Fixed,LAN Wired,Fixed,Fixed Lens,No Need,Manual,No extra motors,
CV506,MarshallCV506,Marshall Hirose,Marshall,MFT-Mount,https://www.marcameurope.com/product/cv506/,,Minicam,CY-CBL-6P-MARS-02,https://support.cyanview.com/docs/Integrations/Marshall/MarshallMinicam,,500.0,1.0,No,False,0,Fixed,LAN Wired,Fixed,Fixed Lens,No Need,Manual,No extra motors,
CV530,MarshallCV530,Marshall Hirose,Marshall,MFT-Mount,https://marshall-usa.com/discontinued/cameras/CV503.php,,Minicam,CY-CBL-6P-MARS-02,https://support.cyanview.com/docs/Integrations/Marshall/MarshallMinicam,,500.0,1.0,No,False,0,Fixed,LAN Wired,Fixed,Fixed Lens,No Need,Manual,No extra motors,
CV566,MarshallCV566,Marshall Hirose,Marshall,MFT-Mount,https://marshall-usa.com/cameras/CV566/,,Minicam,CY-CBL-6P-MARS-02,https://support.cyanview.com/docs/Integrations/Marshall/MarshallMinicam,,500.0,1.0,No,False,0,Fixed,LAN Wired,Fixed,Fixed Lens,No Need,Manual,No extra motors,
CV568,MarshallCV568,Marshall Hirose,Marshall,MFT-Mount,https://marshall-usa.com/cameras/CV568/,,Minicam,CY-CBL-6P-MARS-02,https://support.cyanview.com/docs/Integrations/Marshall/MarshallMinicam,,500.0,1.0,No,False,0,Fixed,LAN Wired,Fixed,Fixed Lens,No Need,Manual,No extra motors,
CV570,MarshallCV570,Marshall Ethernet,Marshall,MFT-Mount,https://marshall-usa.com/cameras/CV570/,,Minicam,Ethernet-RJ45,https://support.cyanview.com/docs/Integrations/Marshall/MarshallMinicam,,500.0,1.0,,False,0,Fixed,LAN Wired,Fixed,Fixed Lens,No Need,Manual,No extra motors,
CV574,MarshallCV574,Marshall Ethernet,Marshall,MFT-Mount,https://marshall-usa.com/cameras/CV574/,,Minicam,Ethernet-RJ45,https://support.cyanview.com/docs/Integrations/Marshall/MarshallMinicam,,500.0,1.0,,False,0,Fixed,LAN Wired,Fixed,Fixed Lens,No Need,Manual,No extra motors,
CV620-BI-WI,MarshallCV620-BI-WI,Marshall VISCA IP,Marshall,No-Xchange-Motorized,https://marshall-usa.com/cameras/CV620-BI-WI/,,PTZ,Ethernet-RJ45,https://support.cyanview.com/docs/Integrations/Generic/IPCamera,,,,,False,0,Fixed,LAN Wired,Fixed,IZF Integrated,IZF,Camera Integrated,No extra motors,
CV630,MarshallCV630,Marshall PTZ,Marshall,No-Xchange-Motorized,https://marshall-usa.com/cameras/CV630-IP/,,PTZ,Ethernet-RJ45,https://support.cyanview.com/docs/Integrations/Marshall/MarshallMinicam,,500.0,2.0,,False,0,Fixed,LAN Wired,Fixed,IZF Integrated,IZF,Camera Integrated,No extra motors,
CV730,MarshallCV730,Marshall PTZ,Marshall,No-Xchange-Motorized,https://marshall-usa.com/cameras/CV730/,,PTZ,Ethernet-RJ45,https://support.cyanview.com/docs/Integrations/Marshall/MarshallMinicam,,500.0,2.0,,False,0,Fixed,LAN Wired,Fixed,IZF Integrated,IZF,Camera Integrated,No extra motors,
CV350,MarshallCV350,Not still documented,Marshall,MFT-Mount,https://marshall-usa.com/discontinued/cameras/CV350.php,,TBD,Undefined,https://support.cyanview.com/docs/Integrations,,,,,False,0,Fixed,LAN Wired,Fixed,TBD,No Need,Manual,No extra motors,
CV420-30X,MarshallCV42030X,Not still documented,Marshall,No-Xchange-Manual,https://marshall-usa.com/discontinued/cameras/CV420-30X-IP.php,,TBD,Undefined,https://support.cyanview.com/docs/Integrations,,,,,False,0,Fixed,LAN Wired,Fixed,TBD,No Need,Manual,No extra motors,
CV420-30X-RS232,MarshallCV42030X232,Not still documented,Marshall,No-Xchange-Motorized,https://marshall-usa.com/discontinued/cameras/CV420-30X.php,,TBD,Undefined,https://support.cyanview.com/docs/Integrations,,,,,False,0,Fixed,LAN Wired,Fixed,TBD,No Need,Manual,No extra motors,
CV605,MarshallCV605,Not still documented,Marshall,MFT-Mount,https://marshall-usa.com/cameras/CV605/,,TBD,Undefined,https://support.cyanview.com/docs/Integrations,,,,,False,0,Fixed,LAN Wired,Fixed,TBD,No Need,Manual,No extra motors,
MARSHALLGENERIC,MarshallGeneric,Not still documented,Marshall,MFT-Mount,,,TBD,Undefined,https://support.cyanview.com/docs/Integrations,,,,,False,0,Fixed,LAN Wired,Fixed,TBD,No Need,Manual,No extra motors,
QDCAM,QDCam,Not still documented,MediaEdge,Unknown,,,TBD,Undefined,https://support.cyanview.com/docs/Integrations,,,,,False,0,Fixed,LAN Wired,Fixed,TBD,No Need,Manual,No extra motors,
AU-EVA1,EVA1,Panasonic EVA1,Panasonic,LNE-Mount,,,CineStyle,Ethernet-RJ45,https://support.cyanview.com/docs/Integrations/Panasonic/EVA1,,500.0,2.0,,False,0,Fixed,LAN Wired,Fixed,Cine Interchangeable,No Need,TBD,TBD,
EVA1,EVA1,Panasonic EVA1,Panasonic,EF-Mount,,,CineStyle,Ethernet-RJ45,https://support.cyanview.com/docs/Integrations/Panasonic/EVA1,,500.0,2.0,,False,0,Fixed,LAN Wired,Fixed,Cine Interchangeable,No Need,TBD,TBD,
AG-CX350,CX350,Panasonic CX350,Panasonic,No-Xchange-Motorized,,,Handheld Camcorder,Ethernet-RJ45,https://support.cyanview.com/docs/Integrations/Panasonic/CX350,,500.0,2.0,,False,0,Fixed,LAN Wired,Fixed,IZF Integrated,IZF,Camera Integrated,No extra motors,
CX350,CX350,Panasonic CX350,Panasonic,MFT-Mount,,,Handheld Camcorder,Ethernet-RJ45,https://support.cyanview.com/docs/Integrations/Panasonic/CX350,,500.0,2.0,,False,0,Fixed,LAN Wired,Fixed,IZF Integrated,IZF,Camera Integrated,No extra motors,
VARICAM,Varicam,Panasonic Varicam,Panasonic,B4-Mount,,,Shoulder Camcorder,Ethernet-RJ45,https://support.cyanview.com/docs/Integrations/Panasonic/Varicam,,500.0,2.0,,False,0,Fixed,LAN Wired,Fixed,Broadcast,No Need,B4-Mount,No extra motors,
BGH1,BGH1,Panasonic BGH1,Panasonic,MFT-Mount,,,Mirrorless,Ethernet-RJ45,https://support.cyanview.com/docs/Integrations/Panasonic/BGH1,,500.0,2.0,,False,0,Fixed,LAN Wired,Fixed,Cine Interchangeable,No Need,TBD,TBD,
BSH1,BSH1,Panasonic BGH1,Panasonic,MFT-Mount,,,Mirrorless,Ethernet-RJ45,https://support.cyanview.com/docs/Integrations/Panasonic/BGH1,,500.0,2.0,,False,0,Fixed,LAN Wired,Fixed,Cine Interchangeable,No Need,TBD,TBD,
DC-BGH1/BS1H,LumixBGH1,Panasonic BGH1,Panasonic,MFT-Mount,,,Mirrorless,Ethernet-RJ45,https://support.cyanview.com/docs/Integrations/Panasonic/BGH1,,500.0,2.0,,False,0,Fixed,LAN Wired,Fixed,Cine Interchangeable,No Need,TBD,TBD,
DC-GH5S,LumixGH5S,Panasonic GH5,Panasonic,MFT-Mount,https://support.cyanview.com/docs/Integrations/Panasonic/GH5S,,Mirrorless,USB-A-to-USB-C,https://support.cyanview.com/docs/Integrations/Panasonic/GH5S,,500.0,2.0,,False,0,Fixed,LAN Wired,Fixed,Cine Interchangeable,No Need,TBD,TBD,
LUMIX DC-GH5S,Lumix DC-GH5S,Panasonic GH5,Panasonic,MFT-Mount,,,Mirrorless,USB-A-to-USB-C,https://support.cyanview.com/docs/Integrations/Panasonic/GH5S,,500.0,2.0,,False,0,Fixed,LAN Wired,Fixed,Cine Interchangeable,No Need,TBD,TBD,
AW-HE120,AWHE120,Panasonic PTZ,Panasonic,No-Xchange-Motorized,https://eu.connect.panasonic.com/nl/en/products/broadcast-proav/aw-he120,,PTZ,Ethernet-RJ45,https://support.cyanview.com/docs/Integrations/Panasonic/PanasonicPTZ,,500.0,2.0,,False,0,Fixed,LAN Wired,Fixed,IZF Integrated,IZF,Camera Integrated,No extra motors,
AW-HE130,AWHE130,Panasonic PTZ,Panasonic,No-Xchange-Motorized,https://eu.connect.panasonic.com/nl/en/products/broadcast-proav/aw-he130,,PTZ,Ethernet-RJ45,https://support.cyanview.com/docs/Integrations/Panasonic/PanasonicPTZ,,500.0,2.0,,False,0,Fixed,LAN Wired,Fixed,IZF Integrated,IZF,Camera Integrated,No extra motors,
AW-HE40,AWHE40,Panasonic PTZ,Panasonic,No-Xchange-Motorized,https://pro-av.panasonic.net/en/sales_o/camera/aw-he40/,,PTZ,Ethernet-RJ45,https://support.cyanview.com/docs/Integrations/Panasonic/PanasonicPTZ,,500.0,2.0,,False,0,Fixed,LAN Wired,Fixed,IZF Integrated,IZF,Camera Integrated,No extra motors,
AW-HE42,AWHE42,Panasonic PTZ,Panasonic,No-Xchange-Motorized,https://pro-av.panasonic.net/en/products/aw-he42/,,PTZ,Ethernet-RJ45,https://support.cyanview.com/docs/Integrations/Panasonic/PanasonicPTZ,,500.0,2.0,,False,0,Fixed,LAN Wired,Fixed,IZF Integrated,IZF,Camera Integrated,No extra motors,
AW-HE50,AWHE50,Panasonic PTZ,Panasonic,No-Xchange-Motorized,https://www.panasonic.com/in/business/broadcast/remote-camera-systems/integrated-pt-cameras/aw-he50s.html,,PTZ,Ethernet-RJ45,https://support.cyanview.com/docs/Integrations/Panasonic/PanasonicPTZ,,500.0,2.0,,False,0,Fixed,LAN Wired,Fixed,IZF Integrated,IZF,Camera Integrated,No extra motors,
AW-HE60,AWHE60,Panasonic PTZ,Panasonic,No-Xchange-Motorized,,,PTZ,Ethernet-RJ45,https://support.cyanview.com/docs/Integrations/Panasonic/PanasonicPTZ,,500.0,2.0,,False,0,Fixed,LAN Wired,Fixed,IZF Integrated,IZF,Camera Integrated,No extra motors,
AW-HE70,AWHE70,Panasonic PTZ,Panasonic,No-Xchange-Motorized,,,PTZ,Ethernet-RJ45,https://support.cyanview.com/docs/Integrations/Panasonic/PanasonicPTZ,,500.0,2.0,,False,0,Fixed,LAN Wired,Fixed,IZF Integrated,IZF,Camera Integrated,No extra motors,
AW-HR140,AWHR140,Panasonic PTZ,Panasonic,No-Xchange-Motorized,,,PTZ,Ethernet-RJ45,https://support.cyanview.com/docs/Integrations/Panasonic/PanasonicPTZ,,500.0,2.0,,False,0,Fixed,LAN Wired,Fixed,IZF Integrated,IZF,Camera Integrated,No extra motors,
AW-UE100,AWUE100,Panasonic PTZ,Panasonic,No-Xchange-Motorized,,,PTZ,Ethernet-RJ45,https://support.cyanview.com/docs/Integrations/Panasonic/PanasonicPTZ,,500.0,2.0,,False,0,Fixed,LAN Wired,Fixed,IZF Integrated,IZF,Camera Integrated,No extra motors,
AW-UE150,AWUE150,Panasonic PTZ,Panasonic,No-Xchange-Motorized,https://eu.connect.panasonic.com/broadcast-proav/remote-ptz-camera-systems/aw-ue150,,PTZ,Ethernet-RJ45,https://support.cyanview.com/docs/Integrations/Panasonic/PanasonicPTZ,,500.0,2.0,,False,0,Fixed,LAN Wired,Fixed,IZF Integrated,IZF,Camera Integrated,No extra motors,
AW-UE160,AWUE160,Panasonic PTZ,Panasonic,No-Xchange-Motorized,,,PTZ,Ethernet-RJ45,https://support.cyanview.com/docs/Integrations/Panasonic/PanasonicPTZ,,500.0,2.0,,False,0,Fixed,LAN Wired,Fixed,IZF Integrated,IZF,Camera Integrated,No extra motors,
AW-UE70,AWUE70,Panasonic PTZ,Panasonic,No-Xchange-Motorized,,,PTZ,Ethernet-RJ45,https://support.cyanview.com/docs/Integrations/Panasonic/PanasonicPTZ,,500.0,2.0,,False,0,Fixed,LAN Wired,Fixed,IZF Integrated,IZF,Camera Integrated,No extra motors,
AG-HPX500,AG-HPX500,Panasonic P2,Panasonic,LNE-Mount,,,Shoulder Camcorder,CY-CBL-6P-PAN-10P,https://support.cyanview.com/docs/Integrations/Panasonic/P2,,500.0,2.0,,False,0,Fixed,LAN Wired,Fixed,Broadcast,No Need,B4-Mount,No extra motors,
AJ-HPX2700,AJ-HPX2700,Panasonic P2,Panasonic,LNE-Mount,,,Shoulder Camcorder,CY-CBL-6P-PAN-10P,https://support.cyanview.com/docs/Integrations/Panasonic/P2,,500.0,2.0,,False,0,Fixed,LAN Wired,Fixed,Broadcast,No Need,B4-Mount,No extra motors,
AJ-HPX3100,AJ-HPX3100,Panasonic P2,Panasonic,LNE-Mount,,,Shoulder Camcorder,CY-CBL-6P-PAN-10P,https://support.cyanview.com/docs/Integrations/Panasonic/P2,,500.0,2.0,,False,0,Fixed,LAN Wired,Fixed,Broadcast,No Need,B4-Mount,No extra motors,
AJ-PX270,PX270,Panasonic P2,Panasonic,LNE-Mount,,,Shoulder Camcorder,CY-CBL-6P-PAN-10P,https://support.cyanview.com/docs/Integrations/Panasonic/P2,,500.0,2.0,,False,0,Fixed,LAN Wired,Fixed,Broadcast,No Need,B4-Mount,No extra motors,
AJ-PX380,PX380,Panasonic P2,Panasonic,LNE-Mount,,,Shoulder Camcorder,CY-CBL-6P-PAN-10P,https://support.cyanview.com/docs/Integrations/Panasonic/P2,,500.0,2.0,,False,0,Fixed,LAN Wired,Fixed,Broadcast,No Need,B4-Mount,No extra motors,
AJ-PX5000,PX5000,Panasonic P2,Panasonic,LNE-Mount,,,Shoulder Camcorder,CY-CBL-6P-PAN-10P,https://support.cyanview.com/docs/Integrations/Panasonic/P2,,500.0,2.0,,False,0,Fixed,LAN Wired,Fixed,Broadcast,No Need,B4-Mount,No extra motors,
AJ-PX800,PX800,Panasonic P2,Panasonic,LNE-Mount,,,Shoulder Camcorder,CY-CBL-6P-PAN-10P,https://support.cyanview.com/docs/Integrations/Panasonic/P2,,500.0,2.0,,False,0,Fixed,LAN Wired,Fixed,Broadcast,No Need,B4-Mount,No extra motors,
AK-UB300,AKUB300,Panasonic P2,Panasonic,LNE-Mount,,,Shoulder Camcorder,CY-CBL-6P-PAN-10P,https://support.cyanview.com/docs/Integrations/Panasonic/P2,,500.0,2.0,,False,0,Fixed,LAN Wired,Fixed,Broadcast,No Need,B4-Mount,No extra motors,
P2SERIAL,P2Serial,Panasonic P2,Panasonic,LNE-Mount,,,Shoulder Camcorder,CY-CBL-6P-PAN-10P,https://support.cyanview.com/docs/Integrations/Panasonic/P2,,500.0,2.0,,False,0,Fixed,LAN Wired,Fixed,Broadcast,No Need,B4-Mount,No extra motors,
UC3400,UC3400,Panasonic UC,Panasonic,B4-Mount,https://eu.connect.panasonic.com/gb/en/broadcast-proav/studio-cameras/ak-uc3300,,Shoulder Camcorder,Ethernet-RJ45,Planned to be documented  202405,UC4000 very well covered,500.0,2.0,,False,0,Fixed,LAN Wired,Fixed,Broadcast,No Need,B4-Mount,No extra motors,
UC4000,UC4000,Panasonic UC,Panasonic,B4-Mount,https://eu.connect.panasonic.com/be/fr/products/broadcast-proav/ak-uc4000,,Shoulder Camcorder,Ethernet-RJ45,Planned to be documented  202405,UC4000 very well covered,500.0,2.0,,False,0,Fixed,LAN Wired,Fixed,Broadcast,No Need,B4-Mount,No extra motors,
AG-DVX200,Dvx200,Not still documented,Panasonic,No-Xchange-Motorized,,,TBD,Undefined,https://support.cyanview.com/docs/Integrations,,,,,False,0,Fixed,LAN Wired,Fixed,TBD,No Need,Manual,No extra motors,
PANASTUDIO,PanaStudio,Not still documented,Panasonic,L-Mount,,,TBD,Undefined,https://support.cyanview.com/docs/Integrations,,,,,False,0,Fixed,LAN Wired,Fixed,TBD,No Need,Manual,No extra motors,
KOMODO,RedKomodo,Red IP,RED,RF-Mount,,,CineStyle,IP-to-USB-C,https://support.cyanview.com/docs/Integrations/RED/Komodo,,500.0,4.0,,False,0,Fixed,LAN Wired,Fixed,Cine Interchangeable,No Need,TBD,TBD,
V-RAPTOR,VRaptor,Red IP,RED,EF-Mount,,,CineStyle,IP-to-USB-C,https://support.cyanview.com/docs/Integrations/RED/Komodo,,500.0,4.0,,False,0,Fixed,LAN Wired,Fixed,Cine Interchangeable,No Need,TBD,TBD,
20/40 UHD,Roboshot 20/40 UHD,Not still documented,RoboSHOT,No-Xchange-Motorized,,,TBD,Undefined,https://support.cyanview.com/docs/Integrations,,,,,False,0,Fixed,LAN Wired,Fixed,TBD,No Need,Manual,No extra motors,
PIVOTCAM,PivotCam,Not still documented,ROSS,No-Xchange-Motorized,,,TBD,Undefined,https://support.cyanview.com/docs/Integrations,,,,,False,0,Fixed,LAN Wired,Fixed,TBD,No Need,Manual,No extra motors,
FCB-7520,FCB-7520,Sony Visca,Sony,No-Xchange-Motorized,,,BBlock,CY-CBL-6P-FAN100,https://support.cyanview.com/docs/Integrations/Sony/SonyFCB,,500.0,2.0,,False,0,Fixed,LAN Wired,Fixed,Broadcast,No Need,B4-Mount,No extra motors,
FCB-8230,FCB-8230,Sony Visca,Sony,No-Xchange-Motorized,,,BBlock,CY-CBL-6P-FAN100,https://support.cyanview.com/docs/Integrations/Sony/SonyFCB,,500.0,2.0,,False,0,Fixed,LAN Wired,Fixed,Broadcast,No Need,B4-Mount,No extra motors,
FCB-8550,FCB-8550,Sony Visca,Sony,No-Xchange-Motorized,,,BBlock,CY-CBL-6P-FAN100,https://support.cyanview.com/docs/Integrations/Sony/SonyFCB,,500.0,2.0,,False,0,Fixed,LAN Wired,Fixed,Broadcast,No Need,B4-Mount,No extra motors,
FCB-H11,FCBH11,Sony Visca,Sony,No-Xchange-Motorized,,,BBlock,CY-CBL-6P-FAN100,https://support.cyanview.com/docs/Integrations/Sony/SonyFCB,,500.0,2.0,,False,0,Fixed,LAN Wired,Fixed,Broadcast,No Need,B4-Mount,No extra motors,
BURANO,SonyBurano,Sony Burano,Sony,PL-Mount,,,CineStyle,Ethernet-RJ45,https://support.cyanview.com/docs/Integrations/Sony/SonyBurano,,500.0,2.0,,False,0,Fixed,LAN Wired,Fixed,Cine Interchangeable,No Need,TBD,TBD,
FX6,ILME-FX6,Sony FX6,Sony,E-Mount,https://pro.sony/products/handheld-camcorders/ilme-fx6,,CineStyle,IP-to-USB-C,https://support.cyanview.com/docs/Integrations/Sony/SonyFX6,,500.0,2.0,,False,1,Fixed,LAN Wired,Fixed,Cine Interchangeable,No Need,TBD,TBD,
FX9-XDCA,PXW-FX9+XDCA,Sony FX9-XDCA,Sony,E-Mount,https://pro.sony/products/handheld-camcorders/pxw-fx9,,CineStyle,XDCA back,https://support.cyanview.com/docs/Integrations/Sony/SonyFX9,,500.0,5.0,,False,0,Fixed,LAN Wired,Fixed,Cine Interchangeable,No Need,TBD,TBD,
FX9-CBM,PXW-FX9,Sony CBM,Sony,E-Mount,https://pro.sony/products/handheld-camcorders/pxw-fx9,,CineStyle,WiFi,https://support.cyanview.com/docs/Integrations/Sony/SonyCBM,,500.0,2.0,,False,0,Fixed,LAN Wired,Fixed,Cine Interchangeable,No Need,TBD,TBD,
VENICE 1,Venice 1,Sony Venice,Sony,PL-Mount,,,CineStyle,Ethernet-RJ45,https://support.cyanview.com/docs/Integrations/Sony/SonyVenice,,500.0,2.0,,False,0,Fixed,LAN Wired,Fixed,Cine Interchangeable,No Need,TBD,TBD,
VENICE 2,Venice 2,Sony Venice,Sony,PL-Mount,,,CineStyle,Ethernet-RJ45,https://support.cyanview.com/docs/Integrations/Sony/SonyVenice,,500.0,2.0,,False,0,Fixed,LAN Wired,Fixed,Cine Interchangeable,No Need,TBD,TBD,
VENICE-IP,VeniceCBM,Sony Venice,Sony,PL-Mount,,,CineStyle,Ethernet-RJ45,https://support.cyanview.com/docs/Integrations/Sony/SonyVenice,,500.0,2.0,,False,0,Fixed,LAN Wired,Fixed,Cine Interchangeable,No Need,TBD,TBD,
VENICE-LEGACY,Venice700,Sony Venice,Sony,PL-Mount,,,CineStyle,Ethernet-RJ45,https://support.cyanview.com/docs/Integrations/Sony/SonyVenice,,500.0,2.0,,False,0,Fixed,LAN Wired,Fixed,Cine Interchangeable,No Need,TBD,TBD,
Z280,PXW-Z280,Sony CBM,Sony,No-Xchange-Motorized,https://pro.sony/products/handheld-camcorders/pxw-z280,,CineStyle,WiFi,https://support.cyanview.com/docs/Integrations/Sony/SonyCBM,,500.0,2.0,,False,0,Fixed,LAN Wired,Fixed,Cine Interchangeable,No Need,TBD,TBD,
Z750-CBM,PXW-Z750-CBM,Sony CBM,Sony,B4-Mount,https://pro.sony/products/shoulder-camcorders/pxw-z750,,CineStyle,WiFi,https://support.cyanview.com/docs/Integrations/Sony/SonyCBM,,500.0,2.0,,False,0,Fixed,LAN Wired,Fixed,Cine Interchangeable,No Need,TBD,TBD,
FS5,PXW-FS5,Sony Lanc,Sony,E-Mount,https://pro.sony/products/handheld-camcorders/pxw-fs5,,Handheld Camcorder,CY-CBL-6P-LANC-2,https://support.cyanview.com/docs/Integrations/Sony/SonyLanc,,500.0,1.0,No,False,0,Fixed,LAN Wired,Fixed,IZF Integrated,IZF,Camera Integrated,No extra motors,
FS7,PXW-FS7,Sony Lanc,Sony,E-Mount,https://pro.sony/products/handheld-camcorders/pxw-fx9,,Handheld Camcorder,CY-CBL-6P-LANC-2,https://support.cyanview.com/docs/Integrations/Sony/SonyLanc,,500.0,1.0,No,False,0,Fixed,LAN Wired,Fixed,IZF Integrated,IZF,Camera Integrated,No extra motors,
FX6-LANC,ILME-FX6,Sony Lanc,Sony,E-Mount,https://pro.sony/products/handheld-camcorders/ilme-fx6,,Handheld Camcorder,CY-CBL-6P-LANC-2,https://support.cyanview.com/docs/Integrations/Sony/SonyLanc,,500.0,1.0,No,False,0,Fixed,LAN Wired,Fixed,IZF Integrated,IZF,Camera Integrated,No extra motors,
LANC,SonyLanc,Sony Lanc,Sony,B4-Mount,,,Handheld Camcorder,CY-CBL-6P-LANC-2,https://support.cyanview.com/docs/Integrations/Sony/SonyLanc,,500.0,1.0,No,False,0,Fixed,LAN Wired,Fixed,IZF Integrated,IZF,Camera Integrated,No extra motors,
Z190,PXW-Z190,Sony Lanc,Sony,No-Xchange-Motorized,https://pro.sony/products/handheld-camcorders/pxw-z190#ProductSpecificationsBBlock-pxw-z190,,Handheld Camcorder,CY-CBL-6P-LANC-2,https://support.cyanview.com/docs/Integrations/Sony/SonyLanc,,500.0,1.0,No,False,0,Fixed,LAN Wired,Fixed,IZF Integrated,IZF,Camera Integrated,No extra motors,
ALPHA,Alpha SonyMirrorless,Sony Mirrorless,Sony,E-Mount,,,Mirrorless,USB-A-to-USB-C,https://support.cyanview.com/docs/Integrations/Sony/SonyMirrorless,,500.0,2.0,,False,0,Fixed,LAN Wired,Fixed,Cine Interchangeable,No Need,TBD,TBD,
ALPHA 7 CR,ILCE-7CR,Sony Mirrorless,Sony,E-Mount,,,Mirrorless,USB-A-to-USB-C,https://support.cyanview.com/docs/Integrations/Sony/SonyMirrorless,,500.0,2.0,,False,0,Fixed,LAN Wired,Fixed,Cine Interchangeable,No Need,TBD,TBD,
ALPHA 7 MARK 4,ILCE-7M4,Sony Mirrorless,Sony,E-Mount,,,Mirrorless,USB-A-to-USB-C,https://support.cyanview.com/docs/Integrations/Sony/SonyMirrorless,,500.0,2.0,,False,0,Fixed,LAN Wired,Fixed,Cine Interchangeable,No Need,TBD,TBD,
ALPHA 7 R MARK 4 A,ILCE-7RM4A,Sony Mirrorless,Sony,E-Mount,,,Mirrorless,USB-A-to-USB-C,https://support.cyanview.com/docs/Integrations/Sony/SonyMirrorless,,500.0,2.0,,False,0,Fixed,LAN Wired,Fixed,Cine Interchangeable,No Need,TBD,TBD,
ALPHA 7 R MARK 5,ILCE-7RM5,Sony Mirrorless,Sony,E-Mount,,,Mirrorless,USB-A-to-USB-C,https://support.cyanview.com/docs/Integrations/Sony/SonyMirrorless,,500.0,2.0,,False,0,Fixed,LAN Wired,Fixed,Cine Interchangeable,No Need,TBD,TBD,
ALPHA 7C,ILCE-7C,Sony Mirrorless,Sony,E-Mount,,,Mirrorless,USB-A-to-USB-C,https://support.cyanview.com/docs/Integrations/Sony/SonyMirrorless,,500.0,2.0,,False,0,Fixed,LAN Wired,Fixed,Cine Interchangeable,No Need,TBD,TBD,
ALPHA 7C MARK 2,ILCE-7CM2,Sony Mirrorless,Sony,E-Mount,,,Mirrorless,USB-A-to-USB-C,https://support.cyanview.com/docs/Integrations/Sony/SonyMirrorless,,500.0,2.0,,False,0,Fixed,LAN Wired,Fixed,Cine Interchangeable,No Need,TBD,TBD,
ALPHA 7S MARK 3,ILCE-7SM3,Sony Mirrorless,Sony,E-Mount,,,Mirrorless,USB-A-to-USB-C,https://support.cyanview.com/docs/Integrations/Sony/SonyMirrorless,,500.0,2.0,,False,0,Fixed,LAN Wired,Fixed,Cine Interchangeable,No Need,TBD,TBD,
ALPHA 9 MARK 2,ILCE-9M2,Sony Mirrorless,Sony,E-Mount,,,Mirrorless,USB-A-to-USB-C,https://support.cyanview.com/docs/Integrations/Sony/SonyMirrorless,,500.0,2.0,,False,0,Fixed,LAN Wired,Fixed,Cine Interchangeable,No Need,TBD,TBD,
ALPHA ONE,ILCE-1,Sony Mirrorless,Sony,E-Mount,,,Mirrorless,USB-A-to-USB-C,https://support.cyanview.com/docs/Integrations/Sony/SonyMirrorless,,500.0,2.0,,False,0,Fixed,LAN Wired,Fixed,Cine Interchangeable,No Need,TBD,TBD,
FX3,ILME-FX3,Sony Mirrorless,Sony,E-Mount,https://pro.sony/products/handheld-camcorders/ilme-fx3,,Mirrorless,USB-A-to-USB-C,https://support.cyanview.com/docs/Integrations/Sony/SonyMirrorless,,500.0,2.0,,False,0,Fixed,LAN Wired,Fixed,Cine Interchangeable,No Need,TBD,TBD,
FX30,ILME-FX30,Sony Mirrorless,Sony,E-Mount,https://pro.sony/products/handheld-camcorders/ilme-fx30,,Mirrorless,USB-A-to-USB-C,https://support.cyanview.com/docs/Integrations/Sony/SonyMirrorless,,500.0,2.0,,False,0,Fixed,LAN Wired,Fixed,Cine Interchangeable,No Need,TBD,TBD,
RX0 MARK 2,DSC-RX0M2,Sony Mirrorless,Sony,Unknown,https://www.sony.co.uk/electronics/cyber-shot-compact-cameras/dsc-rx0m2,,Mirrorless,USB-A-to-USB-C,https://support.cyanview.com/docs/Integrations/Sony/SonyMirrorless,,500.0,2.0,,False,0,Fixed,LAN Wired,Fixed,Cine Interchangeable,No Need,TBD,TBD,
SONY 6700,ILCE-6700,Sony Mirrorless,Sony,Unknown,,,Mirrorless,USB-A-to-USB-C,https://support.cyanview.com/docs/Integrations/Sony/SonyMirrorless,,500.0,2.0,,False,0,Fixed,LAN Wired,Fixed,Cine Interchangeable,No Need,TBD,TBD,
ZV E1,ZV E1,Sony Mirrorless,Sony,Unknown,,,Mirrorless,USB-A-to-USB-C,https://support.cyanview.com/docs/Integrations/Sony/SonyMirrorless,,500.0,2.0,,False,0,Fixed,LAN Wired,Fixed,Cine Interchangeable,No Need,TBD,TBD,
BRC-H800,BRCH800,Sony PTZ,Sony,No-Xchange-Motorized,,,PTZ,Ethernet-RJ45,https://support.cyanview.com/docs/Integrations/Sony/SonyPTZ,,500.0,5.0,,False,0,Fixed,LAN Wired,Fixed,IZF Integrated,IZF,Camera Integrated,No extra motors,
BRC-H900,BRCH900,Sony PTZ,Sony,No-Xchange-Motorized,,,PTZ,Ethernet-RJ45,https://support.cyanview.com/docs/Integrations/Sony/SonyPTZ,,500.0,5.0,,False,0,Fixed,LAN Wired,Fixed,IZF Integrated,IZF,Camera Integrated,No extra motors,
BRC-X1000,BRCX1000,Sony PTZ,Sony,No-Xchange-Motorized,,,PTZ,Ethernet-RJ45,https://support.cyanview.com/docs/Integrations/Sony/SonyPTZ,,500.0,5.0,,False,0,Fixed,LAN Wired,Fixed,IZF Integrated,IZF,Camera Integrated,No extra motors,
BRC-X400,BRCX400,Sony PTZ,Sony,No-Xchange-Motorized,,,PTZ,Ethernet-RJ45,https://support.cyanview.com/docs/Integrations/Sony/SonyPTZ,,500.0,5.0,,False,0,Fixed,LAN Wired,Fixed,IZF Integrated,IZF,Camera Integrated,No extra motors,
FR7,SonyFr7,Sony FR7,Sony,E-Mount,https://pro.sony/products/ptz-network-cameras/ilme-fr7,,PTZ,Ethernet-RJ45,https://support.cyanview.com/docs/Integrations/Sony/SonyFR7,,500.0,2.0,,False,0,Fixed,LAN Wired,Fixed,IZF Integrated,IZF,Camera Integrated,No extra motors,
PDW-700,PDW-700,Sony 8-Pin,Sony,B4-Mount,https://pro.sony/products/shoulder-camcorders/pdw-700,,Shoulder Camcorder,CY-CBL-SONY-8P-03,https://support.cyanview.com/docs/Integrations/Sony/Sony8Pin,Our solutions offers the same color control than the Sony RCP,500.0,2.0,,False,0,Fixed,LAN Wired,Fixed,Broadcast,No Need,B4-Mount,No extra motors,
PDW-800,PDW-F800,Sony 8-Pin,Sony,B4-Mount,https://pro.sony/ue_US/products/shoulder-camcorders/pdw-f800,"Sony 8-Pin pour CDC, Ethernet pour broadcast (Tally,……)",Shoulder Camcorder,CY-CBL-SONY-8P-03,https://support.cyanview.com/docs/Integrations/Sony/Sony8Pin,Our solutions offers the same color control than the Sony RCP,500.0,2.0,,False,0,Fixed,LAN Wired,Fixed,Broadcast,No Need,B4-Mount,No extra motors,
PMW-EX3,PMW-EX3,Sony 8-Pin,Sony,No-Xchange-Motorized,,"Poor control, no zoom and focus control on that legacy protocol",Shoulder Camcorder,CY-CBL-SONY-8P-03,https://support.cyanview.com/docs/Integrations/Sony/Sony8Pin,Our solutions offers the same color control than the Sony RCP,500.0,2.0,,False,0,Fixed,LAN Wired,Fixed,Broadcast,No Need,B4-Mount,No extra motors,
PXW-350,PXW-X350,Sony 8-Pin,Sony,No-Xchange-Motorized,https://pro.sony/products/handheld-camcorders/pxw-x350,,Shoulder Camcorder,CY-CBL-SONY-8P-03,https://support.cyanview.com/docs/Integrations/Sony/Sony8Pin,Our solutions offers the same color control than the Sony RCP,500.0,2.0,,False,0,Fixed,LAN Wired,Fixed,Broadcast,No Need,B4-Mount,No extra motors,
PXW-500,PXW-X500,Sony 8-Pin,Sony,B4-Mount,https://pro.sony/products/shoulder-camcorders/pmw-500,"Sony 8-Pin pour CDC, Ethernet pour broadcast (Tally,……)",Shoulder Camcorder,CY-CBL-SONY-8P-03,https://support.cyanview.com/docs/Integrations/Sony/Sony8Pin,Our solutions offers the same color control than the Sony RCP,500.0,2.0,,False,0,Fixed,LAN Wired,Fixed,Broadcast,No Need,B4-Mount,No extra motors,
Z750-LEGACY,PXW-Z750-Legacy,Sony 8-Pin,Sony,B4-Mount,https://pro.sony/products/shoulder-camcorders/pxw-z750,,Shoulder Camcorder,CY-CBL-SONY-8P-03,https://support.cyanview.com/docs/Integrations/Sony/Sony8Pin,Our solutions offers the same color control than the Sony RCP,500.0,2.0,,False,0,Fixed,LAN Wired,Fixed,Broadcast,No Need,B4-Mount,No extra motors,
Z90,PXW-Z90,Not controllable,Sony,No-Xchange-Motorized,https://pro.sony/products/handheld-camcorders/pxw-z90,,TBD,Undefined,https://support.cyanview.com/docs/Integrations,This camera is not remotely controllable.,,0.0,,False,0,Fixed,LAN Wired,Fixed,TBD,No Need,Manual,No extra motors,
P50,HDC-P50,Not still documented,Sony,B4-Mount,https://pro.sony/products/4k-and-hd-camera-systems/hdc-p50,,TBD,Undefined,https://support.cyanview.com/docs/Integrations,,,,,False,0,Fixed,LAN Wired,Fixed,TBD,No Need,Manual,No extra motors,
PMW-EX1,PMW-EX1,Not controllable,Sony,No-Xchange-Motorized,https://pro.sony/fr_CH/products/handheld-camcorders/pmw-ex1,,TBD,Undefined,https://support.cyanview.com/docs/Integrations,This camera is not remotely controllable.,,0.0,,False,0,Fixed,LAN Wired,Fixed,TBD,No Need,Manual,No extra motors,
PXW-200,PXW-X200,Not compatible,Sony,No-Xchange-Motorized,https://pro.sony/fr_BE/products/handheld-camcorders/pxw-x200,,TBD,Undefined,https://support.cyanview.com/docs/Integrations,The camera protocol has not been integrated due to the low demand on this camera.,,0.0,,False,0,Fixed,LAN Wired,Fixed,TBD,No Need,Manual,No extra motors,
IK-HD1,Ikhd1,Not still documented,Toshiba,Unknown,,,TBD,Undefined,https://support.cyanview.com/docs/Integrations,,,,,False,0,Fixed,LAN Wired,Fixed,TBD,No Need,Manual,No extra motors,
IK-HD5,Ikhd5,Not still documented,Toshiba,Unknown,,,TBD,Undefined,https://support.cyanview.com/docs/Integrations,,,,,False,0,Fixed,LAN Wired,Fixed,TBD,No Need,Manual,No extra motors,
PTZOPTICS-GENERIC,PtzOptics,Not still documented,VHD,No-Xchange-Motorized,,,TBD,Undefined,https://support.cyanview.com/docs/Integrations,,,,,False,0,Fixed,LAN Wired,Fixed,TBD,No Need,Manual,No extra motors,
PHD-02XP,PHD02XP,Not still documented,VisionResearch,Unknown,,,TBD,Undefined,https://support.cyanview.com/docs/Integrations,,,,,False,0,Fixed,LAN Wired,Fixed,TBD,No Need,Manual,No extra motors,
PH,VisionResearch,Not still documented,VisionResearch,B4-Mount,,,TBD,Undefined,https://support.cyanview.com/docs/Integrations,,,,,False,0,Fixed,LAN Wired,Fixed,TBD,No Need,Manual,No extra motors,
BULLET HD,Yushida,Not still documented,Yushida,No-Xchange-Motorized,https://www.microdvrcamera.com/product/Bullet-Full-HD-1080p-High-Speed-Auto-Focus-USB-Camera.html,,TBD,Undefined,https://support.cyanview.com/docs/Integrations,,,,,False,0,Fixed,LAN Wired,Fixed,TBD,No Need,Manual,No extra motors,
