Reference,Protocol,Brand,LensMount,ManufacturerURL,Remark,Type,Cable,SupportURL,Message,MaxDelayToComplete,ControlCoverage,Bidirectionnal,Selected,Number,Lens,Network,Base
Adimec,Not still documented,Adimec,Unknown,https://www.adimec.com/cameras/global-security/tmx-cmos-cameras/tmx74/,,TBD,Undefined,https://support.cyanview.com/docs/Integrations,,,,,False,0,Fixed,LAN Wired,Fixed
AidaGen3G200,Not still documented,Aida,No-Xchange-Manual,https://aidaimaging.com/gen3g-200/,,TBD,Undefined,https://support.cyanview.com/docs/Integrations,,,,,False,0,Fixed,LAN Wired,Fixed
AidaHdNdi200,Not still documented,Aida,No-Xchange-Manual,https://aidaimaging.com/hd-ndi-200/,,TBD,Undefined,https://support.cyanview.com/docs/Integrations,,,,,False,0,Fixed,LAN Wired,Fixed
AidaPtzX12,Not still documented,Aida,No-Xchange-Motorized,https://aidaimaging.com/hd-ndi-200/,,TBD,Undefined,https://support.cyanview.com/docs/Integrations,,,,,False,0,Fixed,LAN Wired,Fixed
AidaUHD6G200,Not still documented,Aida,No-Xchange-Manual,https://aidaimaging.com/uhd6g-200/,,TBD,Undefined,https://support.cyanview.com/docs/Integrations,,,,,False,0,Fixed,LAN Wired,Fixed
Rovocam,Aja Serial,Aja,B4-Mount,https://www.aja.com/products/rovocam/spec-sheet.pdf,,BBlock,CY-CBL-6P-AJA-01,https://support.cyanview.com/docs/Integrations/AJA/RovoCam,,1000.0,2.0,,False,0,Fixed,LAN Wired,Fixed
Arc360,Not still documented,ARC,B4-Mount,https://www.agileremotecameras.com/products/arc360-ptz-camera/,,TBD,Undefined,https://support.cyanview.com/docs/Integrations,,,,,False,0,Fixed,LAN Wired,Fixed
Alexa 35,Arri CAP,ARRI,LPL-Mount,https://www.arri.com/en/camera-systems/cameras/alexa-35,,CineStyle,Ethernet-RJ45,https://support.cyanview.com/docs/Integrations/ARRI/ARRICAP,,500.0,2.0,,False,0,Fixed,LAN Wired,Fixed
Alexa mini,Arri CAP,ARRI,LPL-Mount,https://www.arri.com/en/camera-systems/cameras/legacy-camera-systems/alexa-mini,,CineStyle,Ethernet-RJ45,https://support.cyanview.com/docs/Integrations/ARRI/ARRICAP,,500.0,2.0,,False,0,Fixed,LAN Wired,Fixed
Alexa mini LF,Arri CAP,ARRI,LPL-Mount,https://www.arri.com/en/camera-systems/cameras/alexa-mini-lf,,CineStyle,Ethernet-RJ45,https://support.cyanview.com/docs/Integrations/ARRI/ARRICAP,,500.0,2.0,,False,0,Fixed,LAN Wired,Fixed
Amira,Arri SSCP,ARRI,LPL-Mount,https://www.arri.com/en/camera-systems/cameras/amira,,CineStyle,Ethernet-RJ45,https://support.cyanview.com/docs/Integrations/ARRI/ARRISSCP,,500.0,2.0,,False,0,Fixed,LAN Wired,Fixed
Astro4829,Not still documented,AstroDesign,PL-Mount,https://www.astrodesign.co.jp/english/product/ab-4830_ac-4829,,TBD,Undefined,https://support.cyanview.com/docs/Integrations,,,,,False,0,Fixed,LAN Wired,Fixed
BellDriversEye,Not still documented,Bell,Unknown,https://bellracing.eu/,,TBD,Undefined,https://support.cyanview.com/docs/Integrations,,,,,False,0,Fixed,LAN Wired,Fixed
BirdDogP100,Birdog PTZ,BirdDog,No-Xchange-Motorized,https://birddog.tv/p100-overview/,,PTZ,Ethernet-RJ45,https://support.cyanview.com/docs/Integrations/Birddog/BirddogPTZ,,500.0,2.0,,False,0,Fixed,LAN Wired,Fixed
BirdDogP200,Birdog PTZ,BirdDog,No-Xchange-Motorized,https://birddog.tv/p200-overview/,,PTZ,Ethernet-RJ45,https://support.cyanview.com/docs/Integrations/Birddog/BirddogPTZ,,500.0,2.0,,False,0,Fixed,LAN Wired,Fixed
BirdDogP400,Birdog PTZ,BirdDog,No-Xchange-Motorized,https://birddog.tv/p400-overview/,,PTZ,Ethernet-RJ45,https://support.cyanview.com/docs/Integrations/Birddog/BirddogPTZ,,500.0,2.0,,False,0,Fixed,LAN Wired,Fixed
BirdDogP4K,Birdog PTZ,BirdDog,No-Xchange-Motorized,https://birddog.tv/p4k-overview/,,PTZ,Ethernet-RJ45,https://support.cyanview.com/docs/Integrations/Birddog/BirddogPTZ,,500.0,2.0,,False,0,Fixed,LAN Wired,Fixed
Mini Studio,BlackMagic SDI,BlackMagic,MFT-Mount,https://www.blackmagicdesign.com/fr/products/blackmagicmicrostudiocamera,,CineStyle,BM-SDI,https://support.cyanview.com/docs/Integrations/Blackmagic/CameraSDI,,500.0,2.0,No,False,0,Fixed,LAN Wired,Fixed
Mini Studio G2,BlackMagic IP,BlackMagic,MFT-Mount,https://www.blackmagicdesign.com/fr/products/blackmagicmicrostudiocamera,,CineStyle,IP-to-USB-C,https://support.cyanview.com/docs/Integrations/Blackmagic/CameraIP,,500.0,5.0,,False,0,Fixed,LAN Wired,Fixed
URSA,BlackMagic SDI,BlackMagic,B4-Mount,https://www.blackmagicdesign.com/products/blackmagicursabroadcast,,CineStyle,BM-SDI,https://support.cyanview.com/docs/Integrations/Blackmagic/CameraSDI,,500.0,2.0,No,False,0,Fixed,LAN Wired,Fixed
URSA G2,BlackMagic IP,BlackMagic,B4-Mount,https://www.blackmagicdesign.com/products/blackmagicursabroadcast,,CineStyle,IP-to-USB-C,https://support.cyanview.com/docs/Integrations/Blackmagic/CameraIP,,500.0,5.0,,False,0,Fixed,LAN Wired,Fixed
Camball,Not still documented,Bradley,Unknown,,,TBD,Undefined,https://support.cyanview.com/docs/Integrations,,,,,False,0,Fixed,LAN Wired,Fixed
CamballIp,Not still documented,Bradley,Unknown,,,TBD,Undefined,https://support.cyanview.com/docs/Integrations,,,,,False,0,Fixed,LAN Wired,Fixed
Meerkat,Not still documented,CameraCorps,Unknown,,,TBD,Undefined,https://support.cyanview.com/docs/Integrations,,,,,False,0,Fixed,LAN Wired,Fixed
CCQBall,Not still documented,CameraCorps,Unknown,https://cameracorps.co.uk/product/qx/,,TBD,Undefined,https://support.cyanview.com/docs/Integrations,,,,,False,0,Fixed,LAN Wired,Fixed
CCQx,Not still documented,CameraCorps,Unknown,https://cameracorps.co.uk/product/qx-com-cam-system/,,TBD,Undefined,https://support.cyanview.com/docs/Integrations,,,,,False,0,Fixed,LAN Wired,Fixed
CCQxMinizoom,Not still documented,CameraCorps,Unknown,https://cameracorps.co.uk/product/hd-mini-zoom/,,TBD,Undefined,https://support.cyanview.com/docs/Integrations,,,,,False,0,Fixed,LAN Wired,Fixed
EOS C100,Canon RemoteA,Canon,EF-Mount,https://mcu.usa.canon.com/internet/portal/us/home/products/details/cameras/cinema-eos/eos-c100-mark-ii,,CineStyle,CY-CBL-6P-LANC-1,https://support.cyanview.com/docs/Integrations/Canon/CanonRemoteA,,500.0,2.0,,False,0,Fixed,LAN Wired,Fixed
C200,Canon RemoteA,Canon,EF-Mount,,,CineStyle,CY-CBL-6P-LANC-1,https://support.cyanview.com/docs/Integrations/Canon/CanonRemoteA,,500.0,2.0,,False,0,Fixed,LAN Wired,Fixed
C300mk1,Canon RemoteA,Canon,EF-Mount,,,CineStyle,CY-CBL-6P-LANC-1,https://support.cyanview.com/docs/Integrations/Canon/CanonRemoteA,,500.0,2.0,,False,0,Fixed,LAN Wired,Fixed
C300mk2,Canon RemoteA,Canon,EF-Mount,,,CineStyle,CY-CBL-6P-LANC-1,https://support.cyanview.com/docs/Integrations/Canon/CanonRemoteA,,500.0,2.0,,False,0,Fixed,LAN Wired,Fixed
C300mk3,Canon XC,Canon,EF-Mount,,,CineStyle,Ethernet-RJ45,https://support.cyanview.com/docs/Integrations/Canon/CanonXC,,500.0,4.0,,False,0,Fixed,LAN Wired,Fixed
C500mk1,Canon RemoteA,Canon,EF-Mount,,,CineStyle,CY-CBL-6P-LANC-1,https://support.cyanview.com/docs/Integrations/Canon/CanonRemoteA,,500.0,2.0,,False,0,Fixed,LAN Wired,Fixed
C500mk2,Canon XC,Canon,EF-Mount,,,CineStyle,Ethernet-RJ45,https://support.cyanview.com/docs/Integrations/Canon/CanonXC,,500.0,4.0,,False,0,Fixed,LAN Wired,Fixed
C70,Canon XC,Canon,RF-Mount,,,CineStyle,Ethernet-RJ45,https://support.cyanview.com/docs/Integrations/Canon/CanonXC,,500.0,4.0,,False,0,Fixed,LAN Wired,Fixed
C700,Canon RemoteA,Canon,EF-Mount,,,CineStyle,CY-CBL-6P-LANC-1,https://support.cyanview.com/docs/Integrations/Canon/CanonRemoteA,,500.0,2.0,,False,0,Fixed,LAN Wired,Fixed
CanonXF605,Canon XC,Canon,No-Xchange-Motorized,https://fr.canon.be/video-cameras/xf605/ ,,CineStyle,Ethernet-RJ45,https://support.cyanview.com/docs/Integrations/Canon/CanonXC,,500.0,4.0,,False,0,Fixed,LAN Wired,Fixed
CanonXF705,Canon RemoteA,Canon,No-Xchange-Motorized,,,CineStyle,CY-CBL-6P-LANC-1,https://support.cyanview.com/docs/Integrations/Canon/CanonRemoteA,,500.0,2.0,,False,0,Fixed,LAN Wired,Fixed
CanonR5,Canon Mirrorless,Canon,EF-Mount,,,Mirrorless,USB-A-to-USB-C,https://support.cyanview.com/docs/Integrations/Canon/CanonMirrorless,,500.0,2.0,,False,0,Fixed,LAN Wired,Fixed
CanonCRN300,Canon PTZ,Canon,No-Xchange-Motorized,https://www.canon.fr/ptz-cameras/cr-n300/,,PTZ,Ethernet-RJ45,https://support.cyanview.com/docs/Integrations/Canon/CanonPTZ,,500.0,5.0,,False,0,Fixed,LAN Wired,Fixed
CanonCRN500,Canon PTZ,Canon,No-Xchange-Motorized,https://www.canon.fr/ptz-cameras/cr-n500/,,PTZ,Ethernet-RJ45,https://support.cyanview.com/docs/Integrations/Canon/CanonPTZ,,500.0,5.0,,False,0,Fixed,LAN Wired,Fixed
CanonCRN700,Canon PTZ,Canon,No-Xchange-Motorized,https://www.canon.fr/ptz-cameras/cr-n700/,,PTZ,Ethernet-RJ45,https://support.cyanview.com/docs/Integrations/Canon/CanonPTZ,,500.0,5.0,,False,0,Fixed,LAN Wired,Fixed
CanonCRX500,Canon PTZ,Canon,No-Xchange-Motorized,,,PTZ,Ethernet-RJ45,https://support.cyanview.com/docs/Integrations/Canon/CanonPTZ,,500.0,5.0,,False,0,Fixed,LAN Wired,Fixed
CISHD1,CIS HR10A,CIS,S-Mount,,,Minicam,CY-CBL-6P-CIS-02,Planned to be documented  202407,,500.0,2.0,,False,0,Fixed,LAN Wired,Fixed
CISHD10ZM,CIS HR10A,CIS,S-Mount,,,Minicam,CY-CBL-6P-CIS-02,Planned to be documented  202407,,500.0,2.0,,False,0,Fixed,LAN Wired,Fixed
CIS,CIS HR10A,CIS,S-Mount,,,Minicam,CY-CBL-6P-CIS-02,Planned to be documented  202407,,500.0,2.0,,False,0,Fixed,LAN Wired,Fixed
CISHD3,CIS HR10A,CIS,S-Mount,,,Minicam,CY-CBL-6P-CIS-02,Planned to be documented  202407,,500.0,2.0,,False,0,Fixed,LAN Wired,Fixed
AtomOne,DreamChip Serial,DreamChip,S-Mount,https://www.atom-one.de,,Minicam Motorizable,CY-CBL-6P-DCHIP-02,https://support.cyanview.com/docs/Integrations/Dreamchip/,,500.0,5.0,,False,0,Fixed,LAN Wired,Fixed
AtomOne mini,DreamChip Serial,DreamChip,S-Mount,https://www.atom-one.de,,Minicam Motorizable,CY-CBL-6P-DCHIP-02,https://support.cyanview.com/docs/Integrations/Dreamchip/,,500.0,5.0,,False,0,Fixed,LAN Wired,Fixed
AtomOne mini Zoom,DreamChip Serial Motorized,DreamChip,No-Xchange-Motorized,https://www.atom-one.de,,Minicam IZT,CY-CBL-6P-DCHIP-02,https://support.cyanview.com/docs/Integrations/Dreamchip/,,500.0,5.0,,False,0,Fixed,LAN Wired,Fixed
AtomOne mini AIR,DreamChip Serial,DreamChip,S-Mount,https://www.atom-one.de,,Minicam Motorizable,CY-CBL-6P-DCHIP-02,https://support.cyanview.com/docs/Integrations/Dreamchip/,,500.0,5.0,,False,0,Fixed,LAN Wired,Fixed
AtomOne mini Waterproof,DreamChip Serial,DreamChip,S-Mount,https://www.atom-one.de,,Minicam Motorizable,CY-CBL-6P-DCHIP-02,https://support.cyanview.com/docs/Integrations/Dreamchip/,,500.0,5.0,,False,0,Fixed,LAN Wired,Fixed
AtomOne 4K Mini 7,DreamChip Serial,DreamChip,S-Mount,https://www.atom-one.de,,Minicam Motorizable,CY-CBL-6P-DCHIP-02,https://support.cyanview.com/docs/Integrations/Dreamchip/,,500.0,5.0,,False,0,Fixed,LAN Wired,Fixed
AtomOne 4K Mini 11,DreamChip Serial,DreamChip,C-Mount,https://www.atom-one.de,,Minicam Motorizable,CY-CBL-6P-DCHIP-02,https://support.cyanview.com/docs/Integrations/Dreamchip/,,500.0,5.0,,False,0,Fixed,LAN Wired,Fixed
AtomOne 4K Mini 16,DreamChip Serial,DreamChip,C-Mount,https://www.atom-one.de,,Minicam Motorizable,CY-CBL-6P-DCHIP-02,https://support.cyanview.com/docs/Integrations/Dreamchip/,,500.0,5.0,,False,0,Fixed,LAN Wired,Fixed
AtomOne SSM500,Dreamchip SSM,DreamChip,B4-Mount,https://www.atom-one.de,,Slow Motion,CY-CBL-6P-DCHIP-03,https://support.cyanview.com/docs/Integrations/Dreamchip/ssm500,,500.0,5.0,,False,0,Fixed,LAN Wired,Fixed
AtomOne SSM500 B4,Dreamchip SSM,DreamChip,C-Mount,https://www.atom-one.de,,Slow Motion,CY-CBL-6P-DCHIP-03,https://support.cyanview.com/docs/Integrations/Dreamchip/ssm500,,500.0,5.0,,False,0,Fixed,LAN Wired,Fixed
AtomOne SSM500-IP,Dreamchip SSM IP,DreamChip,B4-Mount,https://www.atom-one.de,,Slow Motion,Ethernet-RJ45,Planned to be documented  202407,,500.0,5.0,,False,0,Fixed,LAN Wired,Fixed
AtomOne SSM500-IP B4,Dreamchip SSM IP,DreamChip,C-Mount,https://www.atom-one.de,,Slow Motion,Ethernet-RJ45,Planned to be documented  202407,,500.0,5.0,,False,0,Fixed,LAN Wired,Fixed
GrassValley,Not still documented,GrassValley,B4-Mount,,,TBD,Undefined,https://support.cyanview.com/docs/Integrations,,,,,False,0,Fixed,LAN Wired,Fixed
MojoPro,Not still documented,Haivision,No-Xchange-Manual,https://www.haivision.com/products/mojopro-mobile-journalism/,,TBD,Undefined,https://support.cyanview.com/docs/Integrations,,,,,False,0,Fixed,LAN Wired,Fixed
Hitachi SK-HD1000,Hitachi SH HD 1xxx,Hitachi,B4-Mount,https://www.hitachikokusai.us/BroadcastandProfessionalCameras/SK-HD1000.html,,System,Ethernet-RJ45,Planned to be documented  202407,,500.0,2.0,,False,0,Fixed,LAN Wired,Fixed
Hitachi SK-HD1300,Hitachi SH HD 1xxx,Hitachi,B4-Mount,https://www.hitachikokusai.us/BroadcastandProfessionalCameras/SK-HD1300.html,,System,Ethernet-RJ45,Planned to be documented  202407,,500.0,2.0,,False,0,Fixed,LAN Wired,Fixed
Hitachi SK-HD1500,Hitachi SH HD 1xxx,Hitachi,B4-Mount,https://www.gravitymedia.com/product/hitachi-sk-hd1500-hd-slow-motion-production-camera/,,System,Ethernet-RJ45,Planned to be documented  202407,,500.0,2.0,,False,0,Fixed,LAN Wired,Fixed
HitachiDKIP,Not still documented,Hitachi,B4-Mount,,,TBD,Undefined,https://support.cyanview.com/docs/Integrations,,,,,False,0,Fixed,LAN Wired,Fixed
HitachiDKSerial,Not still documented,Hitachi,B4-Mount,,,TBD,Undefined,https://support.cyanview.com/docs/Integrations,,,,,False,0,Fixed,LAN Wired,Fixed
HitachiSKHDIP,Not still documented,Hitachi,B4-Mount,,,TBD,Undefined,https://support.cyanview.com/docs/Integrations,,,,,False,0,Fixed,LAN Wired,Fixed
HitachiSKHDSerial,Not still documented,Hitachi,B4-Mount,,,TBD,Undefined,https://support.cyanview.com/docs/Integrations,,,,,False,0,Fixed,LAN Wired,Fixed
HitachiSKUHDIP,Not still documented,Hitachi,B4-Mount,,,TBD,Undefined,https://support.cyanview.com/docs/Integrations,,,,,False,0,Fixed,LAN Wired,Fixed
HitachiSKUHDSerial,Not still documented,Hitachi,B4-Mount,,,TBD,Undefined,https://support.cyanview.com/docs/Integrations,,,,,False,0,Fixed,LAN Wired,Fixed
Ikegami,Not still documented,Ikegami,B4-Mount,,,TBD,Undefined,https://support.cyanview.com/docs/Integrations,,,,,False,0,Fixed,LAN Wired,Fixed
V2KMini,Not still documented,IOI,C-Mount,https://www.ioindustries.com/2ksdi-mini-features,,TBD,Undefined,https://support.cyanview.com/docs/Integrations,,,,,False,0,Fixed,LAN Wired,Fixed
V2KMiniRS,Not still documented,IOI,C-Mount,https://www.ioindustries.com/2ksdi-mini-features,,TBD,Undefined,https://support.cyanview.com/docs/Integrations,,,,,False,0,Fixed,LAN Wired,Fixed
V4KMini,Not still documented,IOI,C-Mount,https://www.ioindustries.com/4ksdi-mini-features,,TBD,Undefined,https://support.cyanview.com/docs/Integrations,,,,,False,0,Fixed,LAN Wired,Fixed
V4KMiniRS,Not still documented,IOI,C-Mount,https://www.ioindustries.com/4ksdi-mini-features,,TBD,Undefined,https://support.cyanview.com/docs/Integrations,,,,,False,0,Fixed,LAN Wired,Fixed
V8KSDI,Not still documented,IOI,C-Mount,https://www.ioindustries.com/8ksdi-features,,TBD,Undefined,https://support.cyanview.com/docs/Integrations,,,,,False,0,Fixed,LAN Wired,Fixed
JVC,JVC IP,JVC,No-Xchange-Motorized,https://fr.jvc.com/pro/ccr/eng/GY-HM850RE/,,Handheld Camcorder,JVC USB-to-IP,https://support.cyanview.com/docs/Integrations/JVC/JVCCamcorder,,500.0,2.0,,False,0,Fixed,LAN Wired,Fixed
Lumens,Not still documented,Lumens,No-Xchange-Motorized,,,TBD,Undefined,https://support.cyanview.com/docs/Integrations,,,,,False,0,Fixed,LAN Wired,Fixed
LumensVCA71PN,Not still documented,Lumens,No-Xchange-Motorized,,,TBD,Undefined,https://support.cyanview.com/docs/Integrations,,,,,False,0,Fixed,LAN Wired,Fixed
LumensVCBC601P,Not still documented,Lumens,No-Xchange-Motorized,,,TBD,Undefined,https://support.cyanview.com/docs/Integrations,,,,,False,0,Fixed,LAN Wired,Fixed
LumensVCBC701P,Not still documented,Lumens,No-Xchange-Motorized,,,TBD,Undefined,https://support.cyanview.com/docs/Integrations,,,,,False,0,Fixed,LAN Wired,Fixed
MarshallCV225,Marshall Breakout,Marshall,MFT-Mount,https://marshall-usa.com/discontinued/cameras/CV225-MB.php,,Minicam,CY-CBL-6P-PFAN,https://support.cyanview.com/docs/Integrations/Marshall/MarshallMinicam,,500.0,1.0,No,False,0,Fixed,LAN Wired,Fixed
MarshallCV226,Marshall Breakout,Marshall,MFT-Mount,https://marshall-usa.com/discontinued/cameras/CV226.php,,Minicam,CY-CBL-6P-PFAN,https://support.cyanview.com/docs/Integrations/Marshall/MarshallMinicam,,500.0,1.0,No,False,0,Fixed,LAN Wired,Fixed
MarshallCV345,Marshall Hirose,Marshall,MFT-Mount,https://marshall-usa.com/discontinued/cameras/CV345.php,,Minicam,CY-CBL-6P-MARS-02,https://support.cyanview.com/docs/Integrations/Marshall/MarshallMinicam,,500.0,1.0,No,False,0,Fixed,LAN Wired,Fixed
MarshallCV35510X,Marshall Ethernet,Marshall,No-Xchange-Motorized,https://marshall-usa.com/cameras/CV355-10X-IP/,,Minicam,Ethernet-RJ45,https://support.cyanview.com/docs/Integrations/Marshall/MarshallMinicam,,500.0,1.0,,False,0,Fixed,LAN Wired,Fixed
MarshallCV35530X,Marshall Ethernet,Marshall,No-Xchange-Motorized,https://marshall-usa.com/cameras/CV355-10X-IP/,,Minicam,Ethernet-RJ45,https://support.cyanview.com/docs/Integrations/Marshall/MarshallMinicam,,500.0,1.0,,False,0,Fixed,LAN Wired,Fixed
MarshallCV366,Marshall Hirose,Marshall,MFT-Mount,https://marshall-usa.com/cameras/CV366/,,Minicam,CY-CBL-6P-MARS-02,https://support.cyanview.com/docs/Integrations/Marshall/MarshallMinicam,,500.0,1.0,No,False,0,Fixed,LAN Wired,Fixed
MarshallCV368,Marshall Hirose,Marshall,MFT-Mount,https://marshall-usa.com/cameras/CV368/,,Minicam,CY-CBL-6P-MARS-02,https://support.cyanview.com/docs/Integrations/Marshall/MarshallMinicam,,500.0,1.0,No,False,0,Fixed,LAN Wired,Fixed
MarshallCV370,Marshall Ethernet,Marshall,MFT-Mount,https://marshall-usa.com/cameras/CV370/,,Minicam,Ethernet-RJ45,https://support.cyanview.com/docs/Integrations/Marshall/MarshallMinicam,,500.0,1.0,,False,0,Fixed,LAN Wired,Fixed
MarshallCV374,Marshall Ethernet,Marshall,MFT-Mount,https://marshall-usa.com/cameras/CV374/,,Minicam,Ethernet-RJ45,https://support.cyanview.com/docs/Integrations/Marshall/MarshallMinicam,,500.0,1.0,,False,0,Fixed,LAN Wired,Fixed
MarshallCV420,Marshall Ethernet,Marshall,MFT-Mount,https://marshall-usa.com/cameras/CV420-30X/,,Minicam,Ethernet-RJ45,https://support.cyanview.com/docs/Integrations/Marshall/MarshallMinicam,,500.0,1.0,,False,0,Fixed,LAN Wired,Fixed
MarshallCV500,Marshall PushLock,Marshall,MFT-Mount,https://marshall-usa.com/discontinued/cameras/CV500-MB.php,,Minicam,CY-CBL-6P-FAN100,https://support.cyanview.com/docs/Integrations/Marshall/MarshallMinicam,,500.0,1.0,No,False,0,Fixed,LAN Wired,Fixed
MarshallCV502,Marshall PushLock,Marshall,MFT-Mount,https://marshall-usa.com/discontinued/cameras/CV502-MB.php,,Minicam,CY-CBL-6P-FAN100,https://support.cyanview.com/docs/Integrations/Marshall/MarshallMinicam,,500.0,1.0,No,False,0,Fixed,LAN Wired,Fixed
MarshallCV503,Marshall Hirose,Marshall,MFT-Mount,https://www.marcameurope.com/product/cv503/,,Minicam,CY-CBL-6P-MARS-02,https://support.cyanview.com/docs/Integrations/Marshall/MarshallMinicam,,500.0,1.0,No,False,0,Fixed,LAN Wired,Fixed
MarshallCV504,Marshall Hirose,Marshall,MFT-Mount,https://marshall-usa.com/cameras/CV504/,,Minicam,CY-CBL-6P-MARS-02,https://support.cyanview.com/docs/Integrations/Marshall/MarshallMinicam,,500.0,1.0,No,False,0,Fixed,LAN Wired,Fixed
MarshallCV506,Marshall Hirose,Marshall,MFT-Mount,https://www.marcameurope.com/product/cv506/,,Minicam,CY-CBL-6P-MARS-02,https://support.cyanview.com/docs/Integrations/Marshall/MarshallMinicam,,500.0,1.0,No,False,0,Fixed,LAN Wired,Fixed
MarshallCV530,Marshall Hirose,Marshall,MFT-Mount,https://marshall-usa.com/discontinued/cameras/CV503.php,,Minicam,CY-CBL-6P-MARS-02,https://support.cyanview.com/docs/Integrations/Marshall/MarshallMinicam,,500.0,1.0,No,False,0,Fixed,LAN Wired,Fixed
MarshallCV566,Marshall Hirose,Marshall,MFT-Mount,https://marshall-usa.com/cameras/CV566/,,Minicam,CY-CBL-6P-MARS-02,https://support.cyanview.com/docs/Integrations/Marshall/MarshallMinicam,,500.0,1.0,No,False,0,Fixed,LAN Wired,Fixed
MarshallCV568,Marshall Hirose,Marshall,MFT-Mount,https://marshall-usa.com/cameras/CV568/,,Minicam,CY-CBL-6P-MARS-02,https://support.cyanview.com/docs/Integrations/Marshall/MarshallMinicam,,500.0,1.0,No,False,0,Fixed,LAN Wired,Fixed
MarshallCV570,Marshall Ethernet,Marshall,MFT-Mount,https://marshall-usa.com/cameras/CV570/,,Minicam,Ethernet-RJ45,https://support.cyanview.com/docs/Integrations/Marshall/MarshallMinicam,,500.0,1.0,,False,0,Fixed,LAN Wired,Fixed
MarshallCV574,Marshall Ethernet,Marshall,MFT-Mount,https://marshall-usa.com/cameras/CV574/,,Minicam,Ethernet-RJ45,https://support.cyanview.com/docs/Integrations/Marshall/MarshallMinicam,,500.0,1.0,,False,0,Fixed,LAN Wired,Fixed
MarshallCV620-BI-WI,Marshall VISCA IP,Marshall,No-Xchange-Motorized,https://marshall-usa.com/cameras/CV620-BI-WI/,,PTZ,Ethernet-RJ45,https://support.cyanview.com/docs/Integrations/Generic/IPCamera,,,,,False,0,Fixed,LAN Wired,Fixed
MarshallCV630,Marshall PTZ,Marshall,No-Xchange-Motorized,https://marshall-usa.com/cameras/CV630-IP/,,PTZ,Ethernet-RJ45,https://support.cyanview.com/docs/Integrations/Marshall/MarshallMinicam,,500.0,2.0,,False,0,Fixed,LAN Wired,Fixed
MarshallCV730,Marshall PTZ,Marshall,No-Xchange-Motorized,https://marshall-usa.com/cameras/CV730/,,PTZ,Ethernet-RJ45,https://support.cyanview.com/docs/Integrations/Marshall/MarshallMinicam,,500.0,2.0,,False,0,Fixed,LAN Wired,Fixed
MarshallCV350,Not still documented,Marshall,MFT-Mount,https://marshall-usa.com/discontinued/cameras/CV350.php,,TBD,Undefined,https://support.cyanview.com/docs/Integrations,,,,,False,0,Fixed,LAN Wired,Fixed
MarshallCV42030X,Not still documented,Marshall,No-Xchange-Manual,https://marshall-usa.com/discontinued/cameras/CV420-30X-IP.php,,TBD,Undefined,https://support.cyanview.com/docs/Integrations,,,,,False,0,Fixed,LAN Wired,Fixed
MarshallCV42030X232,Not still documented,Marshall,No-Xchange-Motorized,https://marshall-usa.com/discontinued/cameras/CV420-30X.php,,TBD,Undefined,https://support.cyanview.com/docs/Integrations,,,,,False,0,Fixed,LAN Wired,Fixed
MarshallCV605,Not still documented,Marshall,MFT-Mount,https://marshall-usa.com/cameras/CV605/,,TBD,Undefined,https://support.cyanview.com/docs/Integrations,,,,,False,0,Fixed,LAN Wired,Fixed
MarshallGeneric,Not still documented,Marshall,MFT-Mount,,,TBD,Undefined,https://support.cyanview.com/docs/Integrations,,,,,False,0,Fixed,LAN Wired,Fixed
QDCam,Not still documented,MediaEdge,Unknown,,,TBD,Undefined,https://support.cyanview.com/docs/Integrations,,,,,False,0,Fixed,LAN Wired,Fixed
EVA1,Panasonic EVA1,Panasonic,LNE-Mount,,,CineStyle,Ethernet-RJ45,https://support.cyanview.com/docs/Integrations/Panasonic/EVA1,,500.0,2.0,,False,0,Fixed,LAN Wired,Fixed
EVA1,Panasonic EVA1,Panasonic,EF-Mount,,,CineStyle,Ethernet-RJ45,https://support.cyanview.com/docs/Integrations/Panasonic/EVA1,,500.0,2.0,,False,0,Fixed,LAN Wired,Fixed
CX350,Panasonic CX350,Panasonic,No-Xchange-Motorized,,,Handheld Camcorder,Ethernet-RJ45,https://support.cyanview.com/docs/Integrations/Panasonic/CX350,,500.0,2.0,,False,0,Fixed,LAN Wired,Fixed
CX350,Panasonic CX350,Panasonic,MFT-Mount,,,Handheld Camcorder,Ethernet-RJ45,https://support.cyanview.com/docs/Integrations/Panasonic/CX350,,500.0,2.0,,False,0,Fixed,LAN Wired,Fixed
Varicam,Panasonic Varicam,Panasonic,B4-Mount,,,Shoulder Camcorder,Ethernet-RJ45,https://support.cyanview.com/docs/Integrations/Panasonic/Varicam,,500.0,2.0,,False,0,Fixed,LAN Wired,Fixed
BGH1,Panasonic BGH1,Panasonic,MFT-Mount,,,Mirrorless,Ethernet-RJ45,https://support.cyanview.com/docs/Integrations/Panasonic/BGH1,,500.0,2.0,,False,0,Fixed,LAN Wired,Fixed
BSH1,Panasonic BGH1,Panasonic,MFT-Mount,,,Mirrorless,Ethernet-RJ45,https://support.cyanview.com/docs/Integrations/Panasonic/BGH1,,500.0,2.0,,False,0,Fixed,LAN Wired,Fixed
LumixBGH1,Panasonic BGH1,Panasonic,MFT-Mount,,,Mirrorless,Ethernet-RJ45,https://support.cyanview.com/docs/Integrations/Panasonic/BGH1,,500.0,2.0,,False,0,Fixed,LAN Wired,Fixed
LumixGH5S,Panasonic GH5,Panasonic,MFT-Mount,https://support.cyanview.com/docs/Integrations/Panasonic/GH5S,,Mirrorless,USB-A-to-USB-C,https://support.cyanview.com/docs/Integrations/Panasonic/GH5S,,500.0,2.0,,False,0,Fixed,LAN Wired,Fixed
Lumix DC-GH5S,Panasonic GH5,Panasonic,MFT-Mount,,,Mirrorless,USB-A-to-USB-C,https://support.cyanview.com/docs/Integrations/Panasonic/GH5S,,500.0,2.0,,False,0,Fixed,LAN Wired,Fixed
AWHE120,Panasonic PTZ,Panasonic,No-Xchange-Motorized,https://eu.connect.panasonic.com/nl/en/products/broadcast-proav/aw-he120,,PTZ,Ethernet-RJ45,https://support.cyanview.com/docs/Integrations/Panasonic/PanasonicPTZ,,500.0,2.0,,False,0,Fixed,LAN Wired,Fixed
AWHE130,Panasonic PTZ,Panasonic,No-Xchange-Motorized,https://eu.connect.panasonic.com/nl/en/products/broadcast-proav/aw-he130,,PTZ,Ethernet-RJ45,https://support.cyanview.com/docs/Integrations/Panasonic/PanasonicPTZ,,500.0,2.0,,False,0,Fixed,LAN Wired,Fixed
AWHE40,Panasonic PTZ,Panasonic,No-Xchange-Motorized,https://pro-av.panasonic.net/en/sales_o/camera/aw-he40/,,PTZ,Ethernet-RJ45,https://support.cyanview.com/docs/Integrations/Panasonic/PanasonicPTZ,,500.0,2.0,,False,0,Fixed,LAN Wired,Fixed
AWHE42,Panasonic PTZ,Panasonic,No-Xchange-Motorized,https://pro-av.panasonic.net/en/products/aw-he42/,,PTZ,Ethernet-RJ45,https://support.cyanview.com/docs/Integrations/Panasonic/PanasonicPTZ,,500.0,2.0,,False,0,Fixed,LAN Wired,Fixed
AWHE50,Panasonic PTZ,Panasonic,No-Xchange-Motorized,https://www.panasonic.com/in/business/broadcast/remote-camera-systems/integrated-pt-cameras/aw-he50s.html,,PTZ,Ethernet-RJ45,https://support.cyanview.com/docs/Integrations/Panasonic/PanasonicPTZ,,500.0,2.0,,False,0,Fixed,LAN Wired,Fixed
AWHE60,Panasonic PTZ,Panasonic,No-Xchange-Motorized,,,PTZ,Ethernet-RJ45,https://support.cyanview.com/docs/Integrations/Panasonic/PanasonicPTZ,,500.0,2.0,,False,0,Fixed,LAN Wired,Fixed
AWHE70,Panasonic PTZ,Panasonic,No-Xchange-Motorized,,,PTZ,Ethernet-RJ45,https://support.cyanview.com/docs/Integrations/Panasonic/PanasonicPTZ,,500.0,2.0,,False,0,Fixed,LAN Wired,Fixed
AWHR140,Panasonic PTZ,Panasonic,No-Xchange-Motorized,,,PTZ,Ethernet-RJ45,https://support.cyanview.com/docs/Integrations/Panasonic/PanasonicPTZ,,500.0,2.0,,False,0,Fixed,LAN Wired,Fixed
AWUE100,Panasonic PTZ,Panasonic,No-Xchange-Motorized,,,PTZ,Ethernet-RJ45,https://support.cyanview.com/docs/Integrations/Panasonic/PanasonicPTZ,,500.0,2.0,,False,0,Fixed,LAN Wired,Fixed
AWUE150,Panasonic PTZ,Panasonic,No-Xchange-Motorized,https://eu.connect.panasonic.com/broadcast-proav/remote-ptz-camera-systems/aw-ue150,,PTZ,Ethernet-RJ45,https://support.cyanview.com/docs/Integrations/Panasonic/PanasonicPTZ,,500.0,2.0,,False,0,Fixed,LAN Wired,Fixed
AWUE160,Panasonic PTZ,Panasonic,No-Xchange-Motorized,,,PTZ,Ethernet-RJ45,https://support.cyanview.com/docs/Integrations/Panasonic/PanasonicPTZ,,500.0,2.0,,False,0,Fixed,LAN Wired,Fixed
AWUE70,Panasonic PTZ,Panasonic,No-Xchange-Motorized,,,PTZ,Ethernet-RJ45,https://support.cyanview.com/docs/Integrations/Panasonic/PanasonicPTZ,,500.0,2.0,,False,0,Fixed,LAN Wired,Fixed
AG-HPX500,Panasonic P2,Panasonic,LNE-Mount,,,Shoulder Camcorder,CY-CBL-6P-PAN-10P,https://support.cyanview.com/docs/Integrations/Panasonic/P2,,500.0,2.0,,False,0,Fixed,LAN Wired,Fixed
AJ-HPX2700,Panasonic P2,Panasonic,LNE-Mount,,,Shoulder Camcorder,CY-CBL-6P-PAN-10P,https://support.cyanview.com/docs/Integrations/Panasonic/P2,,500.0,2.0,,False,0,Fixed,LAN Wired,Fixed
AJ-HPX3100,Panasonic P2,Panasonic,LNE-Mount,,,Shoulder Camcorder,CY-CBL-6P-PAN-10P,https://support.cyanview.com/docs/Integrations/Panasonic/P2,,500.0,2.0,,False,0,Fixed,LAN Wired,Fixed
PX270,Panasonic P2,Panasonic,LNE-Mount,,,Shoulder Camcorder,CY-CBL-6P-PAN-10P,https://support.cyanview.com/docs/Integrations/Panasonic/P2,,500.0,2.0,,False,0,Fixed,LAN Wired,Fixed
PX380,Panasonic P2,Panasonic,LNE-Mount,,,Shoulder Camcorder,CY-CBL-6P-PAN-10P,https://support.cyanview.com/docs/Integrations/Panasonic/P2,,500.0,2.0,,False,0,Fixed,LAN Wired,Fixed
PX5000,Panasonic P2,Panasonic,LNE-Mount,,,Shoulder Camcorder,CY-CBL-6P-PAN-10P,https://support.cyanview.com/docs/Integrations/Panasonic/P2,,500.0,2.0,,False,0,Fixed,LAN Wired,Fixed
PX800,Panasonic P2,Panasonic,LNE-Mount,,,Shoulder Camcorder,CY-CBL-6P-PAN-10P,https://support.cyanview.com/docs/Integrations/Panasonic/P2,,500.0,2.0,,False,0,Fixed,LAN Wired,Fixed
AKUB300,Panasonic P2,Panasonic,LNE-Mount,,,Shoulder Camcorder,CY-CBL-6P-PAN-10P,https://support.cyanview.com/docs/Integrations/Panasonic/P2,,500.0,2.0,,False,0,Fixed,LAN Wired,Fixed
P2Serial,Panasonic P2,Panasonic,LNE-Mount,,,Shoulder Camcorder,CY-CBL-6P-PAN-10P,https://support.cyanview.com/docs/Integrations/Panasonic/P2,,500.0,2.0,,False,0,Fixed,LAN Wired,Fixed
UC3400,Panasonic UC,Panasonic,B4-Mount,https://eu.connect.panasonic.com/gb/en/broadcast-proav/studio-cameras/ak-uc3300,,Shoulder Camcorder,Ethernet-RJ45,Planned to be documented  202405,UC4000 very well covered,500.0,2.0,,False,0,Fixed,LAN Wired,Fixed
UC4000,Panasonic UC,Panasonic,B4-Mount,https://eu.connect.panasonic.com/be/fr/products/broadcast-proav/ak-uc4000,,Shoulder Camcorder,Ethernet-RJ45,Planned to be documented  202405,UC4000 very well covered,500.0,2.0,,False,0,Fixed,LAN Wired,Fixed
Dvx200,Not still documented,Panasonic,No-Xchange-Motorized,,,TBD,Undefined,https://support.cyanview.com/docs/Integrations,,,,,False,0,Fixed,LAN Wired,Fixed
PanaStudio,Not still documented,Panasonic,L-Mount,,,TBD,Undefined,https://support.cyanview.com/docs/Integrations,,,,,False,0,Fixed,LAN Wired,Fixed
RedKomodo,Red IP,RED,RF-Mount,,,CineStyle,IP-to-USB-C,https://support.cyanview.com/docs/Integrations/RED/Komodo,,500.0,4.0,,False,0,Fixed,LAN Wired,Fixed
VRaptor,Red IP,RED,EF-Mount,,,CineStyle,IP-to-USB-C,https://support.cyanview.com/docs/Integrations/RED/Komodo,,500.0,4.0,,False,0,Fixed,LAN Wired,Fixed
Roboshot 20/40 UHD,Not still documented,RoboSHOT,No-Xchange-Motorized,,,TBD,Undefined,https://support.cyanview.com/docs/Integrations,,,,,False,0,Fixed,LAN Wired,Fixed
PivotCam,Not still documented,ROSS,No-Xchange-Motorized,,,TBD,Undefined,https://support.cyanview.com/docs/Integrations,,,,,False,0,Fixed,LAN Wired,Fixed
FCB-7520,Sony Visca,Sony,No-Xchange-Motorized,,,BBlock,CY-CBL-6P-FAN100,https://support.cyanview.com/docs/Integrations/Sony/SonyFCB,,500.0,2.0,,False,0,Fixed,LAN Wired,Fixed
FCB-8230,Sony Visca,Sony,No-Xchange-Motorized,,,BBlock,CY-CBL-6P-FAN100,https://support.cyanview.com/docs/Integrations/Sony/SonyFCB,,500.0,2.0,,False,0,Fixed,LAN Wired,Fixed
FCB-8550,Sony Visca,Sony,No-Xchange-Motorized,,,BBlock,CY-CBL-6P-FAN100,https://support.cyanview.com/docs/Integrations/Sony/SonyFCB,,500.0,2.0,,False,0,Fixed,LAN Wired,Fixed
FCBH11,Sony Visca,Sony,No-Xchange-Motorized,,,BBlock,CY-CBL-6P-FAN100,https://support.cyanview.com/docs/Integrations/Sony/SonyFCB,,500.0,2.0,,False,0,Fixed,LAN Wired,Fixed
SonyBurano,Sony Burano,Sony,PL-Mount,,,CineStyle,Ethernet-RJ45,https://support.cyanview.com/docs/Integrations/Sony/SonyBurano,,500.0,2.0,,False,0,Fixed,LAN Wired,Fixed
ILME-FX6,Sony FX6,Sony,E-Mount,https://pro.sony/products/handheld-camcorders/ilme-fx6,,CineStyle,IP-to-USB-C,https://support.cyanview.com/docs/Integrations/Sony/SonyFX6,,500.0,2.0,,False,0,Fixed,LAN Wired,Fixed
PXW-FX9+XDCA,Sony FX9-XDCA,Sony,E-Mount,https://pro.sony/products/handheld-camcorders/pxw-fx9,,CineStyle,XDCA back,https://support.cyanview.com/docs/Integrations/Sony/SonyFX9,,500.0,5.0,,False,0,Fixed,LAN Wired,Fixed
PXW-FX9,Sony CBM,Sony,E-Mount,https://pro.sony/products/handheld-camcorders/pxw-fx9,,CineStyle,WiFi,https://support.cyanview.com/docs/Integrations/Sony/SonyCBM,,500.0,2.0,,False,0,Fixed,LAN Wired,Fixed
Venice 1,Sony Venice,Sony,PL-Mount,,,CineStyle,Ethernet-RJ45,https://support.cyanview.com/docs/Integrations/Sony/SonyVenice,,500.0,2.0,,False,0,Fixed,LAN Wired,Fixed
Venice 2,Sony Venice,Sony,PL-Mount,,,CineStyle,Ethernet-RJ45,https://support.cyanview.com/docs/Integrations/Sony/SonyVenice,,500.0,2.0,,False,0,Fixed,LAN Wired,Fixed
VeniceCBM,Sony Venice,Sony,PL-Mount,,,CineStyle,Ethernet-RJ45,https://support.cyanview.com/docs/Integrations/Sony/SonyVenice,,500.0,2.0,,False,0,Fixed,LAN Wired,Fixed
Venice700,Sony Venice,Sony,PL-Mount,,,CineStyle,Ethernet-RJ45,https://support.cyanview.com/docs/Integrations/Sony/SonyVenice,,500.0,2.0,,False,0,Fixed,LAN Wired,Fixed
PXW-Z280,Sony CBM,Sony,No-Xchange-Motorized,https://pro.sony/products/handheld-camcorders/pxw-z280,,CineStyle,WiFi,https://support.cyanview.com/docs/Integrations/Sony/SonyCBM,,500.0,2.0,,False,0,Fixed,LAN Wired,Fixed
PXW-Z750-CBM,Sony CBM,Sony,B4-Mount,https://pro.sony/products/shoulder-camcorders/pxw-z750,,CineStyle,WiFi,https://support.cyanview.com/docs/Integrations/Sony/SonyCBM,,500.0,2.0,,False,0,Fixed,LAN Wired,Fixed
PXW-FS5,Sony Lanc,Sony,E-Mount,https://pro.sony/products/handheld-camcorders/pxw-fs5,,Handheld Camcorder,CY-CBL-6P-LANC-2,https://support.cyanview.com/docs/Integrations/Sony/SonyLanc,,500.0,1.0,No,False,0,Fixed,LAN Wired,Fixed
PXW-FS7,Sony Lanc,Sony,E-Mount,https://pro.sony/products/handheld-camcorders/pxw-fx9,,Handheld Camcorder,CY-CBL-6P-LANC-2,https://support.cyanview.com/docs/Integrations/Sony/SonyLanc,,500.0,1.0,No,False,0,Fixed,LAN Wired,Fixed
ILME-FX6,Sony Lanc,Sony,E-Mount,https://pro.sony/products/handheld-camcorders/ilme-fx6,,Handheld Camcorder,CY-CBL-6P-LANC-2,https://support.cyanview.com/docs/Integrations/Sony/SonyLanc,,500.0,1.0,No,False,0,Fixed,LAN Wired,Fixed
SonyLanc,Sony Lanc,Sony,B4-Mount,,,Handheld Camcorder,CY-CBL-6P-LANC-2,https://support.cyanview.com/docs/Integrations/Sony/SonyLanc,,500.0,1.0,No,False,0,Fixed,LAN Wired,Fixed
PXW-Z190,Sony Lanc,Sony,No-Xchange-Motorized,https://pro.sony/products/handheld-camcorders/pxw-z190#ProductSpecificationsBBlock-pxw-z190,,Handheld Camcorder,CY-CBL-6P-LANC-2,https://support.cyanview.com/docs/Integrations/Sony/SonyLanc,,500.0,1.0,No,False,0,Fixed,LAN Wired,Fixed
Alpha SonyMirrorless,Sony Mirrorless,Sony,E-Mount,,,Mirrorless,USB-A-to-USB-C,https://support.cyanview.com/docs/Integrations/Sony/SonyMirrorless,,500.0,2.0,,False,0,Fixed,LAN Wired,Fixed
ILCE-7CR,Sony Mirrorless,Sony,E-Mount,,,Mirrorless,USB-A-to-USB-C,https://support.cyanview.com/docs/Integrations/Sony/SonyMirrorless,,500.0,2.0,,False,0,Fixed,LAN Wired,Fixed
ILCE-7M4,Sony Mirrorless,Sony,E-Mount,,,Mirrorless,USB-A-to-USB-C,https://support.cyanview.com/docs/Integrations/Sony/SonyMirrorless,,500.0,2.0,,False,0,Fixed,LAN Wired,Fixed
ILCE-7RM4A,Sony Mirrorless,Sony,E-Mount,,,Mirrorless,USB-A-to-USB-C,https://support.cyanview.com/docs/Integrations/Sony/SonyMirrorless,,500.0,2.0,,False,0,Fixed,LAN Wired,Fixed
ILCE-7RM5,Sony Mirrorless,Sony,E-Mount,,,Mirrorless,USB-A-to-USB-C,https://support.cyanview.com/docs/Integrations/Sony/SonyMirrorless,,500.0,2.0,,False,0,Fixed,LAN Wired,Fixed
ILCE-7C,Sony Mirrorless,Sony,E-Mount,,,Mirrorless,USB-A-to-USB-C,https://support.cyanview.com/docs/Integrations/Sony/SonyMirrorless,,500.0,2.0,,False,0,Fixed,LAN Wired,Fixed
ILCE-7CM2,Sony Mirrorless,Sony,E-Mount,,,Mirrorless,USB-A-to-USB-C,https://support.cyanview.com/docs/Integrations/Sony/SonyMirrorless,,500.0,2.0,,False,0,Fixed,LAN Wired,Fixed
ILCE-7SM3,Sony Mirrorless,Sony,E-Mount,,,Mirrorless,USB-A-to-USB-C,https://support.cyanview.com/docs/Integrations/Sony/SonyMirrorless,,500.0,2.0,,False,0,Fixed,LAN Wired,Fixed
ILCE-9M2,Sony Mirrorless,Sony,E-Mount,,,Mirrorless,USB-A-to-USB-C,https://support.cyanview.com/docs/Integrations/Sony/SonyMirrorless,,500.0,2.0,,False,0,Fixed,LAN Wired,Fixed
ILCE-1,Sony Mirrorless,Sony,E-Mount,,,Mirrorless,USB-A-to-USB-C,https://support.cyanview.com/docs/Integrations/Sony/SonyMirrorless,,500.0,2.0,,False,0,Fixed,LAN Wired,Fixed
ILME-FX3,Sony Mirrorless,Sony,E-Mount,https://pro.sony/products/handheld-camcorders/ilme-fx3,,Mirrorless,USB-A-to-USB-C,https://support.cyanview.com/docs/Integrations/Sony/SonyMirrorless,,500.0,2.0,,False,0,Fixed,LAN Wired,Fixed
ILME-FX30,Sony Mirrorless,Sony,E-Mount,https://pro.sony/products/handheld-camcorders/ilme-fx30,,Mirrorless,USB-A-to-USB-C,https://support.cyanview.com/docs/Integrations/Sony/SonyMirrorless,,500.0,2.0,,False,0,Fixed,LAN Wired,Fixed
DSC-RX0M2,Sony Mirrorless,Sony,Unknown,https://www.sony.co.uk/electronics/cyber-shot-compact-cameras/dsc-rx0m2,,Mirrorless,USB-A-to-USB-C,https://support.cyanview.com/docs/Integrations/Sony/SonyMirrorless,,500.0,2.0,,False,0,Fixed,LAN Wired,Fixed
ILCE-6700,Sony Mirrorless,Sony,Unknown,,,Mirrorless,USB-A-to-USB-C,https://support.cyanview.com/docs/Integrations/Sony/SonyMirrorless,,500.0,2.0,,False,0,Fixed,LAN Wired,Fixed
ZV E1,Sony Mirrorless,Sony,Unknown,,,Mirrorless,USB-A-to-USB-C,https://support.cyanview.com/docs/Integrations/Sony/SonyMirrorless,,500.0,2.0,,False,0,Fixed,LAN Wired,Fixed
BRCH800,Sony PTZ,Sony,No-Xchange-Motorized,,,PTZ,Ethernet-RJ45,https://support.cyanview.com/docs/Integrations/Sony/SonyPTZ,,500.0,5.0,,False,0,Fixed,LAN Wired,Fixed
BRCH900,Sony PTZ,Sony,No-Xchange-Motorized,,,PTZ,Ethernet-RJ45,https://support.cyanview.com/docs/Integrations/Sony/SonyPTZ,,500.0,5.0,,False,0,Fixed,LAN Wired,Fixed
BRCX1000,Sony PTZ,Sony,No-Xchange-Motorized,,,PTZ,Ethernet-RJ45,https://support.cyanview.com/docs/Integrations/Sony/SonyPTZ,,500.0,5.0,,False,0,Fixed,LAN Wired,Fixed
BRCX400,Sony PTZ,Sony,No-Xchange-Motorized,,,PTZ,Ethernet-RJ45,https://support.cyanview.com/docs/Integrations/Sony/SonyPTZ,,500.0,5.0,,False,0,Fixed,LAN Wired,Fixed
SonyFr7,Sony FR7,Sony,E-Mount,https://pro.sony/products/ptz-network-cameras/ilme-fr7,,PTZ,Ethernet-RJ45,https://support.cyanview.com/docs/Integrations/Sony/SonyFR7,,500.0,2.0,,False,0,Fixed,LAN Wired,Fixed
PDW-700,Sony 8-Pin,Sony,B4-Mount,https://pro.sony/products/shoulder-camcorders/pdw-700,,Shoulder Camcorder,CY-CBL-SONY-8P-03,https://support.cyanview.com/docs/Integrations/Sony/Sony8Pin,Our solutions offers the same color control than the Sony RCP,500.0,2.0,,False,0,Fixed,LAN Wired,Fixed
PDW-F800,Sony 8-Pin,Sony,B4-Mount,https://pro.sony/ue_US/products/shoulder-camcorders/pdw-f800,"Sony 8-Pin pour CDC, Ethernet pour broadcast (Tally,……)",Shoulder Camcorder,CY-CBL-SONY-8P-03,https://support.cyanview.com/docs/Integrations/Sony/Sony8Pin,Our solutions offers the same color control than the Sony RCP,500.0,2.0,,False,0,Fixed,LAN Wired,Fixed
PMW-EX3,Sony 8-Pin,Sony,No-Xchange-Motorized,,"Poor control, no zoom and focus control on that legacy protocol",Shoulder Camcorder,CY-CBL-SONY-8P-03,https://support.cyanview.com/docs/Integrations/Sony/Sony8Pin,Our solutions offers the same color control than the Sony RCP,500.0,2.0,,False,0,Fixed,LAN Wired,Fixed
PXW-X350,Sony 8-Pin,Sony,No-Xchange-Motorized,https://pro.sony/products/handheld-camcorders/pxw-x350,,Shoulder Camcorder,CY-CBL-SONY-8P-03,https://support.cyanview.com/docs/Integrations/Sony/Sony8Pin,Our solutions offers the same color control than the Sony RCP,500.0,2.0,,False,0,Fixed,LAN Wired,Fixed
PXW-X500,Sony 8-Pin,Sony,B4-Mount,https://pro.sony/products/shoulder-camcorders/pmw-500,"Sony 8-Pin pour CDC, Ethernet pour broadcast (Tally,……)",Shoulder Camcorder,CY-CBL-SONY-8P-03,https://support.cyanview.com/docs/Integrations/Sony/Sony8Pin,Our solutions offers the same color control than the Sony RCP,500.0,2.0,,False,0,Fixed,LAN Wired,Fixed
PXW-Z750-Legacy,Sony 8-Pin,Sony,B4-Mount,https://pro.sony/products/shoulder-camcorders/pxw-z750,,Shoulder Camcorder,CY-CBL-SONY-8P-03,https://support.cyanview.com/docs/Integrations/Sony/Sony8Pin,Our solutions offers the same color control than the Sony RCP,500.0,2.0,,False,0,Fixed,LAN Wired,Fixed
PXW-Z90,Not controllable,Sony,No-Xchange-Motorized,https://pro.sony/products/handheld-camcorders/pxw-z90,,TBD,Undefined,https://support.cyanview.com/docs/Integrations,This camera is not remotely controllable.,,0.0,,False,0,Fixed,LAN Wired,Fixed
HDC-P50,Not still documented,Sony,B4-Mount,https://pro.sony/products/4k-and-hd-camera-systems/hdc-p50,,TBD,Undefined,https://support.cyanview.com/docs/Integrations,,,,,False,0,Fixed,LAN Wired,Fixed
PMW-EX1,Not controllable,Sony,No-Xchange-Motorized,https://pro.sony/fr_CH/products/handheld-camcorders/pmw-ex1,,TBD,Undefined,https://support.cyanview.com/docs/Integrations,This camera is not remotely controllable.,,0.0,,False,0,Fixed,LAN Wired,Fixed
PXW-X200,Not compatible,Sony,No-Xchange-Motorized,https://pro.sony/fr_BE/products/handheld-camcorders/pxw-x200,,TBD,Undefined,https://support.cyanview.com/docs/Integrations,The camera protocol has not been integrated due to the low demand on this camera.,,0.0,,False,0,Fixed,LAN Wired,Fixed
Ikhd1,Not still documented,Toshiba,Unknown,,,TBD,Undefined,https://support.cyanview.com/docs/Integrations,,,,,False,0,Fixed,LAN Wired,Fixed
Ikhd5,Not still documented,Toshiba,Unknown,,,TBD,Undefined,https://support.cyanview.com/docs/Integrations,,,,,False,0,Fixed,LAN Wired,Fixed
PtzOptics,Not still documented,VHD,No-Xchange-Motorized,,,TBD,Undefined,https://support.cyanview.com/docs/Integrations,,,,,False,0,Fixed,LAN Wired,Fixed
PHD02XP,Not still documented,VisionResearch,Unknown,,,TBD,Undefined,https://support.cyanview.com/docs/Integrations,,,,,False,0,Fixed,LAN Wired,Fixed
VisionResearch,Not still documented,VisionResearch,B4-Mount,,,TBD,Undefined,https://support.cyanview.com/docs/Integrations,,,,,False,0,Fixed,LAN Wired,Fixed
Yushida,Not still documented,Yushida,No-Xchange-Motorized,https://www.microdvrcamera.com/product/Bullet-Full-HD-1080p-High-Speed-Auto-Focus-USB-Camera.html,,TBD,Undefined,https://support.cyanview.com/docs/Integrations,,,,,False,0,Fixed,LAN Wired,Fixed
